PC1,PC2,PC3,PC4,label,media_type,content_category,audio_present,source_platform
-0.9998857040736817,1.1282026458503274,-1.1511328613455951,0.04195032063480049,Real,Image,News,Yes,Facebook
3.0111715999859063,0.18103237182678864,0.6548343559873417,-0.44422123030346844,Fake,Video,News,Yes,Instagram
1.944682329715061,1.1523119636358157,-0.28896092915007715,-0.32298013915683477,Fake,Video,Political Speech,No,News Website
-1.067864395573824,0.6265286635780499,1.3576230043979416,0.030576455143529472,Real,Image,Social Media,Yes,YouTube
-2.02577354196036,0.21667507082989332,-1.232404130300659,0.17409918976323152,Real,Video,Interview,Yes,Twitter
-1.2784498956269605,0.17414665010268002,0.8277167252914024,0.2157955328025208,Real,Audio,Interview,No,Instagram
0.6083528158444348,0.7901854732351539,0.16401435654267885,-0.3710933203147077,Fake,Video,News,No,Twitter
2.2971486765915934,0.9477324253433052,1.0207624794834032,-0.5320982789775245,Fake,Image,Entertainment,No,Instagram
-1.930112311805759,-2.102556095139309,0.1555517969126397,-0.2692470680300577,Real,Audio,Entertainment,Yes,YouTube
0.7764607936447996,0.007936444643421645,-2.166970000066842,0.37401063305951976,Fake,Audio,Social Media,Yes,Instagram
-1.5479385869782107,-0.2667316933966925,0.31580593884823427,0.451143626997897,Real,Image,Entertainment,No,TikTok
-1.2303884541357557,-1.0888865889862405,0.08728969266339914,-0.30944330648415697,Real,Image,Entertainment,Yes,TikTok
-1.1895693429855652,0.5610339287097377,0.4526052026786644,-0.27432603360839136,Real,Audio,Interview,Yes,News Website
-1.470127998004602,-0.8558005905467893,0.849432070620617,-0.21381872274300043,Real,Image,Social Media,No,Instagram
-1.444680855316256,-1.3915278236995485,0.4048684717475737,-0.5104934944939793,Real,Video,Social Media,Yes,News Website
-2.004183201236814,0.9193630885889571,-0.8932159710514144,-0.10511737945712768,Real,Image,Interview,Yes,TikTok
-1.7961989855858087,-0.5872873085934207,-1.3830619303378833,0.1312033666211334,Real,Audio,Social Media,No,YouTube
1.2190466018394408,-1.2987508526901792,-0.8235976088606238,0.3212925463465962,Fake,Image,Interview,Yes,Instagram
1.4370581464260688,1.1241307462936978,0.7134461883560211,-0.6501134045382281,Fake,Video,News,No,News Website
1.1076072478053975,0.20732499665960666,0.779512598142234,0.53403474884852,Fake,Audio,Entertainment,No,TikTok
-2.031421182626096,0.4908673862771724,-0.4841954764722213,0.04611900605798952,Real,Video,Entertainment,No,Twitter
-1.704054111647999,-0.6889050269611469,-1.2732627510253178,0.3271128287661602,Real,Audio,Political Speech,Yes,Instagram
1.1295716702676282,-0.36749594737915414,0.3591494593686085,0.49061370422187434,Fake,Audio,News,Yes,Instagram
2.513244292672164,0.048467947273118935,1.79108946842784,-0.1913049418186759,Fake,Video,Political Speech,Yes,YouTube
-1.5188046402403754,-0.5066861245200482,1.5047511243373366,0.13193903169200444,Real,Video,Interview,Yes,Twitter
1.9323065492081832,1.8802486186272638,0.05410442685953026,-0.981835806611079,Fake,Audio,Interview,No,Instagram
0.4681312974143152,0.15898197862201288,0.8315990176609436,0.7555778727607135,Fake,Image,Entertainment,No,TikTok
-1.6651156191479097,-0.9175071668039709,0.9386565031234124,-0.15238290687508427,Real,Video,Entertainment,No,TikTok
1.5080222203454006,1.5391464339380263,0.3654692722050366,0.21136631100622832,Fake,Image,Political Speech,No,TikTok
0.3437037411088359,1.1546575891573005,-1.2681859778637974,0.63654996133677,Fake,Video,Entertainment,No,Facebook
-1.229781671578679,0.21334800877432278,1.7805309588872467,0.13475376658543367,Real,Audio,Entertainment,No,TikTok
1.227641547532272,-0.5830709416886531,-0.5011149334785393,1.0880250314717144,Fake,Video,News,Yes,Instagram
2.692812837384877,-0.3246943025122211,-0.7877475662413941,-0.1364929549175298,Fake,Audio,Entertainment,Yes,Instagram
-1.5313177936749502,-1.390835157451383,-0.5563832365629477,-0.4801733629123063,Real,Image,Political Speech,No,News Website
1.0589685322312847,-1.0638734541384514,-0.9821021478864298,-0.580011566177721,Fake,Audio,Social Media,No,Facebook
1.7972024259668478,0.5033861034182939,0.4960925720203815,-0.33337384221230915,Fake,Audio,Social Media,Yes,Facebook
2.559642899453629,-0.6917181845845519,1.6108477476790342,0.5528952769172657,Fake,Video,Social Media,No,Twitter
1.1103576633884036,-0.09229857039758807,1.985683574955276,-0.7418688596238527,Fake,Video,News,No,YouTube
0.4526968474935535,0.6673138613367289,1.241556994834,0.33587530922228725,Fake,Video,Interview,Yes,Facebook
-1.2523045717564545,0.3813728383704616,-1.3960437557378862,0.15262950014682375,Real,Audio,Political Speech,No,News Website
-1.5571439097182578,2.267675194715847,-0.26837613973244295,-0.48241383811052285,Real,Video,Political Speech,No,Instagram
1.8822398893322074,-0.828531404280192,-0.2640421530928429,-0.6670885809038405,Fake,Audio,News,No,Instagram
0.45656847163982034,1.5369881701001815,-0.6616990283150537,0.46556906519583624,Fake,Image,Entertainment,No,Instagram
-1.1960592453200556,0.6585333867656927,0.34659225600246096,0.3676454621547658,Real,Video,Social Media,Yes,TikTok
-0.9108474073973961,1.596465403601174,-0.6240847772333808,0.3214344838657827,Real,Video,Social Media,Yes,News Website
0.34531326520304784,-0.07882561991271123,-0.9740977637594769,-0.19988276307536954,Fake,Image,News,No,TikTok
-1.7250695640209412,-0.1416004398623224,1.182095716707374,0.04618177761050424,Real,Audio,Entertainment,Yes,YouTube
1.4427744875154644,-1.1909559494299695,0.10175357305956928,0.12237076956593071,Fake,Audio,Political Speech,Yes,News Website
1.2423765483828668,-1.0579333966205473,-1.0736544892264217,0.3034821292200729,Fake,Audio,Interview,Yes,YouTube
1.6463509901937683,0.9853532447825394,0.01833892760067651,-0.02663349111923333,Fake,Image,Social Media,Yes,News Website
-1.2070923710720336,0.4768170510462141,-0.4611223227781932,0.3457402473270926,Real,Image,Entertainment,No,TikTok
-1.369429897288586,0.6159091621639513,-1.6261938843629722,0.5437323846722133,Real,Image,Entertainment,No,Instagram
-1.3325105331287332,-1.7677950061368093,-0.2074755478102087,0.15477032207654037,Real,Audio,Political Speech,No,YouTube
-1.4283476271055828,0.9328978053907311,-0.9047170961612051,0.0819969620323949,Real,Image,News,No,Facebook
-1.5441032641370107,-1.9436822900511546,-0.062045698578249715,-0.031072573480939267,Real,Video,Political Speech,Yes,Facebook
2.318615970941666,-0.10875381869784803,-1.062114172484481,-0.6605060201113678,Fake,Video,Social Media,No,News Website
-1.5877716201744825,-1.1296069100322153,-0.8712465189149003,-0.18464860464028962,Real,Image,Interview,Yes,News Website
-1.2972247056928152,-1.6061887175883778,0.6013744955269634,-0.20784530982044375,Real,Video,Entertainment,No,Facebook
-1.1042850144218954,-1.0777468089040871,1.057996174979786,-0.435132079868076,Real,Image,Political Speech,Yes,Instagram
-1.6022285367240034,-0.40357434988845914,-1.5793338312490508,0.2697160662957012,Real,Image,Social Media,Yes,News Website
1.6736204344928072,1.0953734833882682,-0.15047606154425366,-0.4263888208037304,Fake,Video,News,No,Facebook
-1.8701213970649397,0.8639830627072823,1.172466461250759,-0.3282997064227036,Real,Image,Interview,No,Facebook
-1.2670326334786273,-1.495808430075233,0.5209462687457163,0.5302716233114594,Real,Image,Interview,No,Instagram
-1.6202579028320399,-1.139727260724325,-0.8654592136364365,-0.6661633430829195,Real,Image,News,Yes,YouTube
1.5030023138907647,2.017042958795706,-0.06931602988075337,1.10248569941271,Fake,Audio,Interview,No,Twitter
-1.3821916316107343,0.4325252854171349,1.5651148351805162,0.25234837174691466,Real,Audio,Entertainment,Yes,TikTok
-1.623779311219408,-0.325782441808133,1.35025307659681,-0.5357985948321823,Real,Image,Entertainment,No,Instagram
0.8997867018541498,-0.8501655571237402,0.7522960003103409,-0.044785342788658034,Fake,Video,Social Media,No,News Website
0.8188144752020022,0.5126451449201616,1.3743100833623736,0.18748086249669718,Fake,Audio,Entertainment,No,TikTok
-1.5222804678783601,-0.8808059562714553,0.8904462478801971,-0.7162499116625587,Real,Video,News,Yes,Twitter
-1.7670634023777931,-1.013088369117959,1.0590828051603125,0.1334901106207099,Real,Audio,News,Yes,Twitter
1.132185586769642,1.4515763014662786,0.5625008957552874,0.6887054118377867,Fake,Image,News,No,TikTok
-1.6155420503439646,0.1173502064431432,0.9056387495321513,-0.6551005165524442,Real,Audio,Social Media,No,YouTube
-1.0504459232214067,-0.7231727303434966,0.7297095439835078,0.25473266072512224,Real,Image,News,Yes,Instagram
1.3222793252023788,-0.1174581729326818,-0.9704969376897173,-1.254280869411609,Fake,Image,Political Speech,No,News Website
1.9474739382194104,1.5540391447798891,0.30791346200580416,-0.9238540688213407,Fake,Video,Social Media,Yes,YouTube
1.0658994780402173,0.41581236918690584,0.5297222873720443,1.1022446391188758,Fake,Video,News,Yes,Instagram
-1.7559547530092454,-0.2940768475183922,1.318978155456805,-0.7118013099777251,Real,Audio,Social Media,Yes,News Website
-1.2216912577417727,0.050737243631213964,-2.0875444597369692,-0.23602673682214226,Real,Video,Interview,Yes,News Website
2.1239107946617604,1.9783662148411907,-0.07399647853915109,0.7894483573560024,Fake,Audio,Interview,No,News Website
1.540184270623308,0.272756274676823,0.715796980894406,-0.07463548758633759,Fake,Image,Entertainment,No,TikTok
1.7006823041763757,1.2736140655988266,-0.28779906431954216,0.6205522728152849,Fake,Video,Entertainment,No,News Website
0.0933400822630135,1.4843768172001977,-0.5425363815283707,0.06374633272122372,Fake,Audio,Entertainment,No,Instagram
3.2510814719729386,-1.1896847491400153,-0.9576357286504017,-0.20494478230047575,Fake,Video,Social Media,No,Instagram
-0.9043969179604356,-0.3255700624243149,-1.700297367503986,0.1066924221367177,Real,Audio,Political Speech,No,YouTube
0.8029997392757723,0.3464955330933625,-0.40155223290457415,-0.17683790136928484,Fake,Image,Social Media,Yes,Instagram
-2.193255564589243,-1.366344349415325,-0.60616714792371,0.12906254060176536,Real,Video,Political Speech,Yes,YouTube
-1.4742664271596553,0.4828159959928218,1.5476916403479113,-0.079906536025238,Real,Video,Interview,No,Instagram
0.8655066277905974,-0.1559304315413918,1.1738242907898269,0.906501809314728,Fake,Audio,Interview,No,TikTok
-1.3542920525306472,-0.26016098682350186,0.27145551976288945,0.44721758740574724,Real,Image,Entertainment,Yes,News Website
2.556058151934892,0.8825836033884182,1.0091291867274663,0.3756645966303819,Fake,Audio,Social Media,No,YouTube
-1.530380071179327,-0.9904363016895067,1.0099617814440622,-0.22517689852126752,Real,Image,Social Media,No,TikTok
0.8979207095951105,1.3349565837048167,-0.47087608011445276,0.38752185687129165,Fake,Video,Social Media,Yes,YouTube
-2.104523092762167,-1.3293731393441046,0.38733277098979424,-0.14036008092841137,Real,Video,News,Yes,YouTube
1.7456783890892371,1.6692180973200825,0.2324667184476627,-0.1361214356896048,Fake,Audio,Entertainment,Yes,Twitter
-1.3588663661952214,-0.7358435430409443,0.7602032474112781,0.2194227783455117,Real,Video,Social Media,Yes,News Website
1.7734438534840262,0.29165808140657157,0.6300252530078553,-0.09929906432329232,Fake,Video,Social Media,No,News Website
1.0627061321686353,-0.7115256057509859,-0.39433178027531846,0.3037051213955761,Fake,Image,Entertainment,Yes,Instagram
-1.4661491835243197,-0.32841007752522855,-1.698946468846331,0.3400150693738365,Real,Video,Social Media,No,Instagram
1.0290177477382751,2.0550798872098497,-0.228523930552255,0.7449449997814954,Fake,Audio,Social Media,Yes,YouTube
1.3164120502111516,0.39438734981799717,-0.4004831994752825,0.33541406718295574,Fake,Image,News,No,Instagram
-1.5379896019241672,-0.12434629458013752,-1.8476516233145883,0.07641625056018694,Real,Audio,Social Media,Yes,Facebook
1.4004055580368706,-2.183926069569951,0.09385310286542493,0.10548762661914887,Fake,Video,Entertainment,Yes,YouTube
-1.6523134160048842,0.4723862680823651,1.5569679824889624,0.2747095147712879,Real,Image,Interview,No,TikTok
1.5425364435719884,-1.191151364639084,0.08514788145751906,-0.11888392835819589,Fake,Image,Social Media,Yes,Instagram
1.6594076933522717,-1.8831665954733718,-0.20752881863317313,-0.20653063260501517,Fake,Audio,Political Speech,No,TikTok
0.9858392475290736,-0.8858207245471242,-0.19285595444801867,0.03383835777845555,Fake,Audio,Political Speech,Yes,YouTube
-1.3975666154921818,0.1353147095008487,1.8594517712574534,-0.40331242110225485,Real,Image,Interview,Yes,Twitter
-1.262743873173616,0.13977588585974285,0.8581846738168096,0.4622687610662522,Real,Video,Social Media,No,Facebook
2.091361368663239,0.7730475945137752,-0.9353684649140083,-0.7994300592970396,Fake,Image,Entertainment,No,Twitter
-1.6181527183805546,-0.6677926463893197,-0.3335663227281765,0.3802872285398291,Real,Audio,News,Yes,Twitter
0.8517916108334196,-1.130408016073804,1.0867040632488312,0.2751093285075351,Fake,Image,Political Speech,No,Twitter
2.4727263267195654,0.5167167351000658,-0.642401877685282,0.6671637316508574,Fake,Image,News,Yes,Instagram
-1.3703108404379185,-1.4011020892536121,0.4098582311961795,-0.3010559843911565,Real,Video,Political Speech,No,Instagram
-1.6160069736516405,0.09978490180954068,-2.092095192832171,0.45206940841869936,Real,Video,Political Speech,No,Facebook
-1.8763144120503188,0.6467312775910229,-0.6103075423196052,0.10538233161429271,Real,Video,Entertainment,Yes,TikTok
1.0684662370805982,-0.18944693939128215,-0.8358769870254288,0.3342456270206663,Fake,Image,Interview,Yes,Instagram
0.4173129189343229,1.0594026475575242,-1.1046903906686332,0.6802581892006397,Fake,Image,Political Speech,No,TikTok
0.9127517215970785,1.7246677767265777,0.20191700824961825,0.23349866133941044,Fake,Audio,News,No,Twitter
-1.9199772201462604,1.5141648071713085,0.5112313331078862,-0.162223500500396,Real,Video,Social Media,Yes,Instagram
1.4883203001334966,0.11262766132405497,-1.2192209499903321,-0.367658212324157,Fake,Image,Social Media,Yes,TikTok
-0.22667821990235557,-0.47333555864035876,1.4618421223770437,0.09725441301913684,Fake,Audio,Entertainment,Yes,Facebook
-1.3572348477453002,0.7090856551321515,1.34760007431615,0.03285193783629504,Real,Video,Social Media,Yes,News Website
1.7022404461394174,-1.447425004445262,-0.5858147483633284,1.3943974553258007,Fake,Audio,News,Yes,Instagram
1.9729496043341168,-2.0265543857632085,0.012690285085500089,0.5971709499345526,Fake,Audio,Entertainment,Yes,Instagram
-1.066744714086219,-1.2469477991393336,0.26469324908498,0.23965279946945342,Real,Audio,Social Media,Yes,YouTube
1.318427493092769,0.14604153146704968,-0.24195520666559284,0.03361521841538386,Fake,Audio,Entertainment,No,Twitter
-1.5079451872448664,-1.3876163397702574,0.386801078037542,-0.05152809922375536,Real,Image,Entertainment,Yes,Instagram
2.102798192898711,-0.0994605713810018,1.947293694155174,0.07660667033421448,Fake,Audio,Entertainment,No,TikTok
-0.9862337277436196,0.3722179166366533,0.6397629832703426,0.18280051207522668,Real,Image,Entertainment,Yes,Twitter
-1.4652221638546508,-0.8497739558992019,-1.140407017197747,-0.41667102581101106,Real,Image,Interview,Yes,News Website
1.407825587413309,-1.427615255264434,-0.5928712968858149,0.30256289764485633,Fake,Image,Interview,Yes,Twitter
-1.6325425719607904,1.895350080894848,0.15493839438287918,0.3744377056262692,Real,Video,Social Media,No,Twitter
0.6690575153508105,0.28671582994844924,-1.3357374437370901,0.5293351754631396,Fake,Audio,Entertainment,Yes,Instagram
-1.9576544074156563,-1.1723129178771041,-0.8063279267704371,0.02508369021973032,Real,Image,Interview,Yes,YouTube
-1.654244643053121,-0.2154851803725109,0.2214412062504675,-0.1478543468370653,Real,Image,Social Media,No,Facebook
-1.794886897688916,0.949177118296689,-0.9922911798421137,0.2572828749338507,Real,Audio,Interview,Yes,YouTube
-1.2862429524387422,0.5867429180706105,-0.57799152569678,0.6520754179897493,Real,Image,Entertainment,Yes,Twitter
-2.1787515810544704,0.16440736456765265,0.8710623344122471,-0.2712811865123715,Real,Video,Entertainment,No,Facebook
-1.3375673240394692,-0.06712071880462105,-0.9087644220225014,0.19841225058881978,Real,Image,Social Media,Yes,Instagram
1.6822090666680436,-0.5178047066869784,0.483186132334379,0.8405454934915704,Fake,Image,Social Media,No,TikTok
-1.4082566935790048,-0.03862379205706105,2.0706143576427554,0.16893928764613478,Real,Video,Political Speech,Yes,YouTube
-0.8167340891521984,-0.23134017625049808,1.2342056962689714,-0.21144473617548337,Real,Image,News,No,Facebook
1.6029480301839316,0.7088053334242526,-1.8430670622476644,-1.052298782399154,Fake,Image,Interview,No,Facebook
-1.8492614945648063,1.3778342720020154,-0.3689213003182416,-0.4526456130074059,Real,Image,News,No,Facebook
-0.9871069304093458,0.060520660623421076,0.9433064967577568,-0.10547604799046115,Real,Audio,Interview,No,News Website
-1.2870429773605854,0.2044410842246262,0.7544315269940544,-0.5164375911409175,Real,Video,Entertainment,No,Twitter
-1.1091201154777122,1.2729564257399169,-1.3245354677476795,-0.23956190768652474,Real,Audio,Social Media,No,Instagram
2.2197532489467044,1.6892939101096567,0.25560579808133094,0.41590343431844634,Fake,Audio,Entertainment,Yes,Instagram
-1.6536079084876918,-0.4773415455373003,1.5354974617950614,0.05886989555556021,Real,Image,Political Speech,Yes,Facebook
-1.4698996936673439,-0.9638267006056714,0.01807141705321025,0.39798201372896014,Real,Audio,Interview,No,Instagram
-1.7770618151314455,0.8842360099548332,-0.9071324727392149,0.25939110975480706,Real,Video,Political Speech,No,YouTube
-1.5547798181527006,0.9755794464238459,-1.0047614993880638,-0.43538756661314915,Real,Video,Political Speech,Yes,Facebook
2.511289355435244,0.6815746305209622,0.25397495262926206,-0.10408643730859023,Fake,Video,Interview,No,News Website
0.8274891968030912,2.2079951940761497,-0.3148057309593532,-0.007710566342383222,Fake,Video,Social Media,Yes,Instagram
1.005009574521123,-2.129023858720323,0.05118212110767816,0.940504838442972,Fake,Audio,Entertainment,Yes,YouTube
1.8236064627810264,0.3927125974455145,0.5331608916202418,-0.9024087633720754,Fake,Image,Political Speech,Yes,Instagram
2.0020017047925975,0.7705327060726805,0.13544220665946358,-0.8114787152191089,Fake,Image,Entertainment,No,Instagram
1.2759658131656928,-1.380384168021285,-0.7599155888994216,0.32444343440840406,Fake,Video,Political Speech,No,TikTok
-2.2876023804354197,-0.49293653346757826,1.545348908072945,-0.09649653825098102,Real,Image,News,No,Twitter
0.4434176467482807,-0.8108718653050431,-0.2029892541388991,0.2421759319892884,Fake,Video,News,Yes,YouTube
1.3330196241870251,1.6714211509752237,0.2191616531430371,0.5177631190274572,Fake,Image,Interview,Yes,News Website
0.9797895791528458,-1.0574568119912882,-0.05456589355265621,0.36300827701561594,Fake,Audio,Political Speech,No,News Website
-1.3954272814379174,1.0998437971544828,-1.0864680070623038,0.7484528817127023,Real,Video,Social Media,Yes,YouTube
-1.5939803210586436,0.4875193522079863,1.522108071012195,0.2846079519302895,Real,Image,Political Speech,No,News Website
0.5987318426894135,-0.7846906814161229,-0.3279090605951398,0.34905297530676027,Fake,Video,Entertainment,No,Instagram
0.8213556519375238,0.07968250437864409,-0.09396699971675566,1.0268215871344006,Fake,Image,Political Speech,Yes,Facebook
-1.8842023132193082,-0.555829477792921,1.588873725307589,-0.04115499011858351,Real,Video,News,No,Facebook
-1.9247049350776564,1.5670290073813373,-0.5661512664059811,-0.3422815418483484,Real,Image,Interview,No,YouTube
-1.341479285054635,0.8049014590429708,0.1616775133053695,-0.08041343651517191,Real,Image,Interview,No,TikTok
1.6639863579418834,-0.3948546851420919,-1.7083546746820293,-0.2934500579897552,Fake,Video,Interview,Yes,TikTok
1.3763866473934696,1.0974388226680196,0.798159342082888,-0.554535278284855,Fake,Audio,Entertainment,No,YouTube
1.0743976127027868,-0.6943750441761338,1.6369620955565056,0.6348391672985642,Fake,Audio,Entertainment,No,YouTube
-1.2983756226011478,1.5175841833597175,0.450096672481305,-0.45539468810077777,Real,Audio,Entertainment,Yes,YouTube
-1.3005218947996384,-0.7870590989319441,-0.26170955885697156,-0.41703236688573186,Real,Audio,Social Media,Yes,YouTube
-1.510711109254213,0.5991598093092279,1.416670110398453,-0.08137817959249842,Real,Video,Political Speech,No,Instagram
1.858256084105287,-1.3389169327640809,0.1850142399327786,-0.7986662938126041,Fake,Image,Entertainment,Yes,Instagram
-1.3441122745535077,-0.46857125938110183,1.494740309271979,0.02886451376185669,Real,Audio,Interview,Yes,News Website
1.433162177831222,-0.9345926852418771,-0.15881435435329863,1.1921633944066186,Fake,Image,Interview,No,Instagram
1.4611441558178742,1.461733788462633,0.3706921220369962,0.8992799228157582,Fake,Image,Interview,Yes,TikTok
1.852860274412554,-1.240984947793988,0.1243047881683177,-0.32010824454015696,Fake,Video,News,Yes,TikTok
-1.1274620432319866,-1.1996118696849212,-0.7792989834443634,-0.13738604485954187,Real,Image,Entertainment,No,Facebook
-1.6567119123875003,1.6322596688187685,-0.6279544740172283,-0.13150756784340392,Real,Image,Social Media,No,TikTok
1.3532639134243287,-1.503787518403473,0.46439208789466274,0.64565363048002,Fake,Image,News,No,Facebook
1.634088788824824,-1.6219052689285969,0.5275230094185249,-0.27382146437751825,Fake,Audio,Social Media,No,Facebook
-1.2963432830904935,0.8688418280631606,0.09957097001093411,-0.5275376711018992,Real,Audio,Interview,Yes,Twitter
-1.561424008028785,-0.6327337447507694,0.6726102388145418,-0.42455898450511487,Real,Image,Political Speech,Yes,TikTok
0.6641386202647506,-0.5461619751401605,-0.5481315225354876,0.0027134923650164585,Fake,Image,Political Speech,Yes,Twitter
0.8170663192426514,-1.5853745134425867,0.5948822992021241,0.20421422103014866,Fake,Video,Entertainment,No,Twitter
2.1701002809736436,0.6680497370528369,1.2635357226912616,0.09924283877153414,Fake,Audio,Social Media,Yes,Facebook
1.8070490894482252,0.038979225269792944,1.8309912010735485,-0.7848375963920637,Fake,Video,Interview,No,YouTube
2.5264943930023405,-1.6879766966565044,-0.4207623604655233,0.05540639430148734,Fake,Audio,News,No,Instagram
-1.4683171193835436,1.8733131237405032,0.12927776984793496,-0.36508758967816374,Real,Video,Interview,Yes,Facebook
-1.3833125540509206,1.0807080668779387,0.8983740308388002,-0.37494029056902567,Real,Image,Entertainment,Yes,Instagram
1.3375924254739002,-2.1945758343976403,0.15789270327425914,0.39680970372108837,Fake,Image,Interview,Yes,Twitter
2.3853467591112696,0.7325327595418853,1.1219316317612877,0.0473170622793692,Fake,Image,Political Speech,Yes,YouTube
0.933043072262842,-1.1843022149461506,0.14392513098709653,-0.7811925659957236,Fake,Image,Political Speech,No,TikTok
1.3869696827804106,-0.4291959563495059,0.3066313753114987,0.0666490951104885,Fake,Image,News,No,Twitter
1.2382941875515898,-1.6202510285450094,0.5775219210391871,0.4622667749835877,Fake,Video,Political Speech,No,Facebook
-1.2025620113239535,1.0696904780595522,-0.058251591652138224,-0.15983094006198287,Real,Video,Interview,Yes,Twitter
-1.1633459017383123,-0.06857217821305281,1.1099185723173548,-0.10027256372267623,Real,Video,Entertainment,No,YouTube
-1.2883564564443688,1.0733785302734522,0.9499500035267066,-0.3496461213219676,Real,Audio,Interview,No,Twitter
1.056820725292268,-0.02577623312409446,1.9371025204167776,-1.0295460403674965,Fake,Video,Interview,No,YouTube
-1.6277187665152264,-1.1064843809061693,1.1327332147591385,-0.2961201356328498,Real,Video,Social Media,Yes,Facebook
1.7182103951945922,-1.0373757978310434,-0.049944915157619,-0.14566576134026166,Fake,Image,Social Media,No,TikTok
1.7817694536288604,-0.12061815755879464,-0.9996639129617189,-0.970685952740666,Fake,Video,Social Media,Yes,Twitter
1.8970946742374024,-1.9796571061545993,-0.042593280639062564,0.5712148824501415,Fake,Image,Political Speech,No,News Website
-1.7106216478257499,-0.40207242543088884,-0.6068671824172973,0.40419243639361147,Real,Image,Entertainment,No,Twitter
-1.2625853691194542,0.5061057200981928,-1.5539394157348814,-0.350900220116247,Real,Image,Political Speech,Yes,News Website
0.7668413654993812,1.7718242953096919,0.1077731329444003,-0.2796483528488084,Fake,Audio,Social Media,Yes,YouTube
2.95896996091749,0.02032278210593847,-2.1364847027543097,-0.09313802119512764,Fake,Image,Social Media,Yes,Twitter
0.39788722216058825,1.7247191070973147,0.21330435880062298,-0.20986242681954326,Fake,Audio,Interview,Yes,Facebook
1.2795984479430074,-0.03671221432170237,0.0038743251223771146,-0.26799181010496664,Fake,Audio,Entertainment,Yes,News Website
0.925238114628443,0.3442164310109718,1.6874439901795195,0.4651669024832001,Fake,Video,Social Media,No,Facebook
0.7493917256451594,-1.6374576019309417,0.584178239352932,-0.49181397489770123,Fake,Image,News,Yes,Instagram
-1.4503632262753134,1.5633788106769182,-0.521162997860485,0.1636652699687696,Real,Audio,Entertainment,No,Instagram
2.53041075049864,0.12777079511317382,1.7929489220207298,-0.06916710659060371,Fake,Audio,Interview,No,Instagram
-1.294633791453272,-0.7684559862972122,-1.1798908314499885,-0.1682170996117105,Real,Image,Interview,No,Facebook
-0.8271529249093142,-0.3278744897505036,0.31886137254883046,-0.14225177342164388,Real,Image,Political Speech,Yes,TikTok
0.688868826739486,-0.17987484147055813,2.1187224609589927,0.404977437180175,Fake,Image,Social Media,No,Facebook
0.8588228953677102,-1.051799056114817,-1.0840723177590337,0.1752140279084392,Fake,Audio,Social Media,Yes,Instagram
-1.3515869795905364,1.3667143142095277,-0.40461065243664424,-0.12615985658225248,Real,Audio,Social Media,Yes,Facebook
-1.755215521475182,-1.604591965545117,-0.33806918066585245,0.1991961793319318,Real,Video,Political Speech,Yes,YouTube
-1.6755458793709552,-2.0267392801461814,0.07427856279560352,-0.49117259098190913,Real,Video,Political Speech,Yes,News Website
-1.5189710846490454,0.48274373047949837,1.5798784805201909,0.35155610879908067,Real,Video,Entertainment,No,Twitter
1.7001613592249012,0.1482207746835315,-0.31582109709357825,-1.0742889670781546,Fake,Image,Interview,No,YouTube
0.9477444892198447,0.5710704825180148,1.3243486545472936,0.711411098568059,Fake,Audio,Interview,Yes,News Website
-1.1306999604698946,0.26010595872695563,1.7711029722686127,-0.08897591961426711,Real,Image,Entertainment,No,News Website
-1.5812159039802591,-1.0179970007469157,-0.9802046944850046,-0.5729898804438585,Real,Video,Social Media,No,Facebook
1.217047546737955,0.6889895405857334,0.15260904674555067,0.32168239971865864,Fake,Audio,Social Media,Yes,Facebook
-1.670027855815541,-0.32387514345420815,1.3929972747628505,-0.0016042126701404549,Real,Audio,Entertainment,Yes,Facebook
-1.591868543999577,0.019183086109440656,-2.058841549002731,0.05276837604426813,Real,Image,Social Media,No,Instagram
1.3754990416055253,-0.24881920900408988,-0.891430113541201,0.5581482278088977,Fake,Audio,Social Media,Yes,YouTube
0.09354518461060968,-0.14940373844727156,-0.9017712292823319,-0.185963699202239,Fake,Image,Interview,Yes,TikTok
2.0294639697969754,0.47492987462562064,1.4740720227172377,0.29362928090256557,Fake,Video,Political Speech,No,News Website
-2.116384230391293,0.39083452533411384,-1.368019969332294,-0.13577188613297636,Real,Audio,Entertainment,No,Twitter
-1.2622896291502417,1.7202475510316575,0.24194682533002146,-0.011750720132621979,Real,Image,Social Media,No,Twitter
1.8059180764315625,0.47121129579725146,0.41455104574574697,0.6531943711156324,Fake,Audio,Political Speech,Yes,News Website
-1.4779466012024376,0.5192055104907236,0.44567909924033433,-0.29229508173104646,Real,Video,Entertainment,No,Facebook
1.0014216347105191,-0.1068979083589202,1.0732962994657456,-0.5479257971003427,Fake,Image,Social Media,Yes,YouTube
2.0163405283152707,-0.08764911826577133,0.9979160932938346,0.06696734434820287,Fake,Audio,Social Media,Yes,Instagram
1.1656006913257257,-1.7859920359142802,-0.2958930662417963,-0.6708487637840562,Fake,Image,Social Media,No,Facebook
1.138234971483285,-0.7903621440156157,0.8402338043482954,0.7242479732726607,Fake,Audio,News,Yes,Facebook
1.0973062571916643,-0.38877681830526706,-0.7092351869365254,0.9847140780706242,Fake,Video,Political Speech,Yes,YouTube
0.989092466401438,0.22057030095024993,-2.3285135851446386,-1.0319005393074758,Fake,Image,Political Speech,No,Twitter
1.0726060988981414,-1.1528066374161516,0.0565717865243651,-1.018030836130402,Fake,Video,News,Yes,Twitter
-1.5243852210331288,-0.9820231139977297,-0.9829575092204149,-0.5098368456703212,Real,Video,Social Media,Yes,YouTube
-2.095571619269137,0.3027199580428305,1.7579614888526502,0.026434741391791514,Real,Audio,Political Speech,No,News Website
-1.9648975498730261,1.482158489904552,0.5583780248412438,0.2770699392051273,Real,Audio,News,No,TikTok
-1.7012475782483347,1.2856476697474217,0.7750422838320605,0.49021224644946876,Real,Image,News,No,YouTube
-1.13919805267267,0.45879421552805594,0.5275851934673476,0.2361630988474037,Real,Image,News,No,News Website
-1.2453092323731252,0.00035521088108252607,2.020900526779433,-0.46004878242302877,Real,Image,News,Yes,YouTube
1.8361563979578532,0.5893479120131224,0.2898639159187645,-0.0596402977172077,Fake,Video,Political Speech,Yes,TikTok
-1.1746203994443314,1.7242433495137612,-0.7674304054426181,0.028398568469729782,Real,Video,Political Speech,No,Facebook
-1.6630728508406196,0.44070984002285046,0.6169826346435462,0.3796067564315806,Real,Image,News,No,Instagram
-1.7765306946839066,0.4025816986795954,-0.4019670302127016,-0.3956211868926714,Real,Video,Political Speech,No,YouTube
-1.4683501722231875,0.3606176143355586,0.6188285196968555,0.2564819065776367,Real,Video,Political Speech,Yes,Facebook
2.624155893751879,0.32812599818591337,0.5216802758267565,-0.16284746971959893,Fake,Video,News,No,Instagram
-1.1183726846754518,1.6978045050598936,-0.737771132006657,0.11418789075790138,Real,Audio,Interview,Yes,Facebook
2.487495634584048,-1.6151257745935887,-0.4869707966038043,0.16724210902780562,Fake,Video,Social Media,No,YouTube
-1.1673915941586457,-0.5897527272884304,1.5939809800315434,-0.3386176867551116,Real,Video,Political Speech,No,TikTok
-2.0753218531055286,0.6035096955530002,-1.5912769218156955,-0.06374966540562711,Real,Image,Political Speech,No,Facebook
-1.7135894609726845,-0.6255081343284687,1.628292212263822,0.1481528864979649,Real,Video,Social Media,No,Instagram
-1.423035849693292,0.5184391759420467,0.5121363306176356,-0.17671823948829443,Real,Video,Social Media,No,Facebook
0.7110888464724292,0.7550118636487452,-0.8676755757639433,0.058018549785406284,Fake,Video,Interview,Yes,TikTok
-1.4468709030826812,0.9576968197197135,-0.9818052890537758,0.14162837516478005,Real,Audio,Social Media,Yes,Instagram
1.9854014440841106,-0.27742300223919053,1.24403339407084,-0.8533712509303821,Fake,Image,Political Speech,Yes,TikTok
1.5612221528688597,0.6773185032460105,1.2711429805153187,-0.5258511673729612,Fake,Audio,Interview,Yes,News Website
0.3180839033484554,-0.8606467891941978,0.8494254850545988,0.08347206715858932,Fake,Audio,News,Yes,TikTok
-1.6795417423345904,1.9863868682790211,-0.001708026498811965,-0.25736611469202775,Real,Video,Political Speech,No,TikTok
0.6603672540047513,-2.09943328009635,0.06431340148991643,-0.7877905180364122,Fake,Video,News,Yes,TikTok
3.1017777059222764,-0.83205896536568,0.6872966204347195,-0.36945228658902635,Fake,Audio,Interview,No,Twitter
-0.9731261766041971,0.14754512709045156,-2.1630978521876356,-0.005378965581121014,Real,Image,Political Speech,No,YouTube
0.9723304889524855,-0.4457868703465468,1.3930154711453093,-0.14451893024490292,Fake,Audio,Interview,Yes,Instagram
-1.2417229755729922,0.18109349243304637,-2.2373690068800043,0.012348622422925826,Real,Audio,Entertainment,No,TikTok
-1.3958203512538734,1.099953976249789,0.9369415820802464,0.5354941082946474,Real,Image,Political Speech,Yes,Facebook
-0.9771861198003314,1.2399056382416698,0.7276566574856597,-0.28349266371126325,Real,Video,Interview,Yes,Twitter
1.8243557342748031,-0.1930597716285021,0.11019828506363712,-0.7824087187282598,Fake,Image,Entertainment,No,Facebook
-1.8722058240328003,0.7396487284085598,1.293445399397454,-0.3062923673820138,Real,Video,Political Speech,Yes,Instagram
0.5920129811687068,0.6182666222917312,-1.664062543295797,0.9161675957677962,Fake,Video,Interview,Yes,News Website
1.9773080297161585,-0.3188910359756065,-1.8947151656797334,-0.41181067481416017,Fake,Image,Entertainment,Yes,TikTok
1.4624693219490097,0.9383057048633014,-1.0457943176991142,0.2739467986392988,Fake,Image,Interview,No,Instagram
-1.4026467470252335,0.05538543032231898,-2.045279294159214,0.28409333108214424,Real,Audio,Interview,No,YouTube
-1.6642214672886508,-1.1082464234962943,1.1190226023133645,-0.4322250305692798,Real,Image,Entertainment,No,Facebook
-1.603209454097019,0.6765859278127719,1.3315064139453803,-0.2789745290118245,Real,Image,Entertainment,No,YouTube
-1.4766887893680407,2.1306075686689727,-0.13686274546026217,0.6159226933292545,Real,Image,Social Media,Yes,Twitter
1.2311585559938203,0.20346636343810834,-0.32756006578815416,-0.5651885565279532,Fake,Video,Entertainment,Yes,Twitter
-1.5585559733151286,0.7323182545735221,1.2625105333001947,-0.6721899105264144,Real,Audio,News,Yes,TikTok
-1.6623597380824704,0.0631318531794531,0.987978282118762,-0.11476222678349696,Real,Image,Interview,Yes,TikTok
-1.04730046053193,-1.005582932585337,-0.9756489253116052,-0.14592697330100843,Real,Video,Interview,No,TikTok
-1.4996222151590075,-1.7253028330035123,-0.29703564464920723,-0.21144798274894616,Real,Video,Interview,Yes,News Website
2.106460045806936,0.2919966810945407,1.6195441793025598,0.14564689490772367,Fake,Audio,Interview,No,Twitter
1.5682392862448946,-0.7524349927445603,-0.3545157066365708,-0.10227515403365262,Fake,Image,Social Media,Yes,Twitter
1.224178307073885,0.41044209695417083,1.5646021934902377,-0.1412871099730597,Fake,Audio,Political Speech,No,Twitter
-1.7709019981593515,1.0355554863388685,-1.06946465743139,-0.027276367511392792,Real,Audio,Social Media,Yes,Facebook
1.8757348826299611,-2.1566319964545615,0.11860284085296281,0.5522377748862015,Fake,Audio,Political Speech,Yes,News Website
0.8069570362531581,0.24133141098397942,-0.28851890514983336,0.8913126909085076,Fake,Audio,Social Media,No,News Website
-1.9002036028695497,1.4157756735789602,0.5980062398304371,-0.29940737905259307,Real,Video,Entertainment,No,TikTok
-1.8179943300236001,0.9140596311344478,-0.9113141090139836,0.44014301185806903,Real,Image,Entertainment,Yes,YouTube
-1.0953278054976108,1.8549306934861818,0.13149565148378992,0.6159285995336571,Real,Image,Interview,No,Facebook
-1.0727476032202763,-0.46985569943257777,-0.5310853264385617,0.15074779844997047,Real,Image,Social Media,Yes,Twitter
-1.390270757014188,-0.23485374839787038,0.28618398341546175,0.20772669967399338,Real,Audio,Entertainment,Yes,TikTok
1.3397349150567162,0.2324292416166839,-1.2635444168860512,0.7269635005499465,Fake,Video,Interview,Yes,Facebook
2.155720558813696,0.43132457857098294,1.4726581692284018,0.997692492027399,Fake,Audio,Social Media,No,Facebook
-0.9162508164805911,-0.35216136155554006,1.3631375352762745,-0.11877268512497946,Real,Image,Interview,Yes,Twitter
1.6154335180223827,0.49016283328670657,0.5220866778474201,0.28758923408402515,Fake,Video,News,No,News Website
1.3964691171764598,-1.1609072655848216,1.0853927369848215,-0.11419201090209082,Fake,Video,Interview,Yes,Instagram
1.9259005846012822,0.6185018733721027,0.2594801482588452,0.49708814205773777,Fake,Audio,Interview,Yes,YouTube
-0.7754680007057287,0.7529563112598547,1.2380031230600304,-0.09626156923992954,Real,Audio,Entertainment,Yes,Instagram
1.713419590495612,0.8898821690232716,0.013964187090295817,0.8178514309618333,Fake,Video,Entertainment,No,TikTok
3.328657261015052,0.3492223163474225,-0.5074839102927668,-0.11719183885996427,Fake,Video,Interview,Yes,Facebook
-1.20799203087352,0.29879287725985826,0.6516387464663506,-0.5456754641840307,Real,Image,Interview,Yes,YouTube
0.49654238177754745,-0.7079196055130285,0.698202742550371,-0.1348238449944683,Fake,Audio,Social Media,No,Facebook
1.9604924228926741,0.10329458032320854,-1.3234650668124541,-0.9528513496749043,Fake,Video,Interview,No,News Website
0.9854055106413434,0.4594290107453528,-0.569193288930558,-0.6580817574898975,Fake,Video,Social Media,No,Facebook
-1.4522324204594845,0.6975539529803214,1.2744743628806474,0.05703490831242386,Real,Image,Social Media,Yes,News Website
-1.3171619502094893,0.14484221040775627,0.8953841753059703,0.1295714609320294,Real,Video,Political Speech,No,News Website
1.3099307046968063,0.3584201040976993,1.56093856355377,-0.7926050173393476,Fake,Video,Political Speech,Yes,Instagram
0.9910355477360256,-0.8042070365149473,-1.3385947645977005,0.6917152689175085,Fake,Audio,Social Media,No,YouTube
-1.728586207980815,0.7679569207633402,-1.7992718376140706,0.213341633470324,Real,Video,Interview,No,Facebook
0.8395500217744576,-1.9433030490759364,-0.1858969639898256,0.6218243304276841,Fake,Audio,Social Media,Yes,Twitter
2.584430580819689,0.06393884425669254,-2.200304431627441,0.6583770164936023,Fake,Audio,Entertainment,No,Facebook
-1.3438861310597026,0.6588229979337702,1.3723543210846023,0.48289991182979747,Real,Audio,Entertainment,Yes,YouTube
1.4412449831365015,0.14568859896124728,0.6824249401820791,0.25144755959199,Fake,Image,Entertainment,Yes,Facebook
0.7739447522533656,-0.20058781112488333,-0.8757913152568312,0.8409379933450483,Fake,Image,Social Media,No,Twitter
-1.9903320660182828,-0.11262003517576961,-0.8858236603079954,-0.003226440300279544,Real,Image,Political Speech,No,News Website
-1.2535673560462184,1.3327248045824935,0.6621800060399904,0.30263325419885395,Real,Audio,Entertainment,No,Twitter
1.069034172589018,1.0193366738808536,-0.11003790283200314,0.11645283492126081,Fake,Video,Interview,Yes,TikTok
-1.5353399155234493,0.20431495886400586,-1.2330255453841819,-0.5062531049386348,Real,Audio,Entertainment,No,News Website
1.3936699915970348,-1.230609021658326,-0.9022089009327603,-1.1936302131095884,Fake,Image,Social Media,No,Facebook
-1.0835308068787421,-0.06621367854616886,1.099507317535394,-0.29987327402506925,Real,Image,Political Speech,No,Twitter
2.1144305385765945,0.04137547166617599,-1.2387090538166157,-1.048918220089418,Fake,Video,Interview,Yes,Facebook
-1.485473848674727,-0.28222755456323706,0.3247855190567487,0.07652886021199212,Real,Video,Political Speech,Yes,Twitter
-1.205024883193004,1.9130470788524854,0.06323040497197625,0.23634349587859257,Real,Audio,Interview,No,TikTok
-1.4985943743543748,0.3886597937890735,0.6059879527712309,-0.38950421715605704,Real,Audio,Political Speech,No,YouTube
-1.6437874013210414,-0.28949988722974807,-1.685572624567977,0.6303484878137449,Real,Audio,Political Speech,Yes,Twitter
-1.6622288800195666,-0.6886309177032193,0.6807214759777552,-0.058138103400007565,Real,Image,Social Media,Yes,Twitter
-1.6107476669766858,-0.3794214339843278,1.3728088472144948,-0.05530884542649824,Real,Audio,Political Speech,Yes,YouTube
1.1610380923306531,-0.5370145809583111,-1.51504575038047,1.124456120896885,Fake,Image,Social Media,No,Instagram
-1.5934877149963953,-0.28712288878641207,-0.7333406675032472,0.4404563836356865,Real,Video,News,No,News Website
-1.8895480460639793,-2.0800959900493106,0.12072591656373523,-0.3813099314114089,Real,Audio,Political Speech,Yes,Facebook
0.7942928290444546,-0.01579567211268108,-0.013103750175433363,0.03376403960386616,Fake,Audio,Political Speech,No,Twitter
-1.9881325549021898,0.33068841665524784,-1.2978841866960251,0.29791626948585087,Real,Video,News,No,TikTok
-1.28770112833507,-0.19209665954667204,-0.8066565633251099,0.7141891935225433,Real,Image,News,Yes,Instagram
2.318055306240838,-0.17696018256268828,0.07656075396859269,-0.15999025852009355,Fake,Audio,Interview,No,News Website
-1.5043028508676843,-0.11846568607441753,1.1658502937846498,-0.6327334673236683,Real,Image,Political Speech,No,Facebook
1.1575229837471177,0.2125356240713123,-0.33477005269656224,0.6900730891670444,Fake,Audio,Entertainment,Yes,Twitter
-2.245419183423316,-0.3931801005987145,-0.5821021487970041,-0.014007044051337701,Real,Audio,Social Media,Yes,YouTube
-1.8424158700054845,0.23665332973337497,-0.1967099610992144,-0.023095107199976612,Real,Video,Social Media,Yes,Instagram
2.3255805062009833,1.1312424486522148,-0.23088833451813276,-0.05879369902064471,Fake,Audio,News,Yes,Instagram
3.146594106017919,-0.12665078375172956,2.0205451770915253,-0.2946546967782749,Fake,Image,Interview,No,News Website
0.8244490604884231,1.4021472554526255,0.49623274493312886,0.7825897426453551,Fake,Audio,Social Media,Yes,TikTok
-1.4343855765921252,0.38865868093615275,1.5845792736924997,-0.20060567744945734,Real,Video,Entertainment,No,Instagram
1.7311821102589504,0.06192261147494199,-2.1422315094132633,-0.5288505158773176,Fake,Audio,Political Speech,Yes,TikTok
-1.1018236323730868,-0.08595593859754773,1.0711022725649106,-0.31844858177009755,Real,Audio,Entertainment,No,Instagram
1.1717737118033675,1.9469978985593108,0.012561783992041204,-0.23050132629062994,Fake,Audio,Entertainment,Yes,News Website
-1.730650638964643,0.2239484794782959,-1.250843040023976,-0.2788861651603896,Real,Image,Interview,No,News Website
-1.7354465985480472,1.2828018617581078,-0.2639998083703452,-0.44108133338951905,Real,Audio,Political Speech,No,Twitter
-1.7170665801800151,-1.7161296093170932,-0.26129784526802796,0.15607481031118153,Real,Video,Entertainment,No,News Website
-1.6295162141417088,0.6778933374207501,1.3196724775334754,0.2951716679381501,Real,Audio,Entertainment,No,TikTok
-1.8442441590113936,-1.2358768667377673,-0.7135799924359537,0.07320834587304817,Real,Audio,Interview,Yes,News Website
-1.7492760670095422,0.39505797403081355,1.621086727685088,0.2540742075282131,Real,Audio,Entertainment,No,YouTube
-1.6954883977998412,-1.414263129698922,-0.5834977208216109,0.36782389399400295,Real,Audio,Social Media,Yes,Facebook
0.545637685771426,-0.3444137682012252,1.3137501662977913,0.15844846461275008,Fake,Image,Political Speech,Yes,YouTube
1.0533824889127132,0.7589110436422027,0.17987478836858187,0.9899503649142481,Fake,Audio,News,No,Twitter
0.004098886542379097,0.5029750911611264,-1.5556022538834575,0.049471086459082964,Fake,Video,Interview,Yes,TikTok
-1.117799659299859,-1.4903351532213072,-0.5056975230317712,0.30276775414320284,Real,Audio,Entertainment,Yes,News Website
2.31787043390729,0.2673549190282622,-1.3816676706647628,1.2683221851607236,Fake,Audio,Social Media,Yes,Twitter
0.8917492831278535,-1.6723808236080184,0.6101465902776074,0.4109322120419756,Fake,Audio,Social Media,No,TikTok
2.4282541753820435,0.3680407475880148,-0.481296628883767,-0.5816575776438784,Fake,Video,Entertainment,Yes,YouTube
1.0843630002349198,-0.11150027348688818,-0.9807792850599764,0.8064755912187376,Fake,Audio,Interview,No,News Website
-1.6560689644141218,0.03294296052027926,0.9700904241047625,-0.5647925365730934,Real,Image,Entertainment,No,News Website
-1.9752118166744286,-1.5754267974336675,0.642525514015998,-0.009981126663735814,Real,Image,News,Yes,Instagram
2.7506159745972467,0.5270281634406635,1.4032154665735739,-0.2606880660619251,Fake,Video,Interview,No,YouTube
-1.7113416930316465,-0.3658076390383356,-1.6235514126982693,-0.1863888709624788,Real,Video,News,Yes,Twitter
2.4002235409723514,0.6719809870323971,0.2162172270365017,-0.39317700487242935,Fake,Audio,Entertainment,Yes,Twitter
1.2362878191827178,0.13841127188554753,-0.17450746338433382,0.3222001122224224,Fake,Video,Social Media,No,News Website
-1.6320307820308657,0.4425513839108851,-1.4140970757207514,-0.29231886351678277,Real,Image,Social Media,Yes,TikTok
2.5397950460491963,0.69139585231517,1.227943474606274,-0.13564342102273919,Fake,Video,Interview,No,Facebook
1.8354268265480578,-0.9553170314175734,-0.21482701653877864,-0.03391461231176873,Fake,Image,Entertainment,No,News Website
-1.7951663093384551,-1.8003523974188844,-0.15190963628802268,0.09398735711774914,Real,Audio,Entertainment,No,Twitter
-1.212960236247382,-0.32854439710245964,-1.7085117305356567,0.1434706600112716,Real,Image,Social Media,Yes,Twitter
-1.3814945502880116,-0.39105972914138026,-1.658329444428028,-0.29460861641334657,Real,Audio,Interview,No,Instagram
1.3018791225747879,-1.2693462909284687,0.1927804794310943,0.4818322384783141,Fake,Audio,News,No,TikTok
0.8184406781100971,0.5115707216284278,-0.5954371290254405,0.37019970217394627,Fake,Video,Interview,No,News Website
1.9642848255356853,-0.47135204543494247,1.43732040226097,0.5811462278736964,Fake,Image,Political Speech,Yes,YouTube
2.4153583165976213,-0.393499421068615,-0.7300412621238185,0.40718113498894054,Fake,Audio,Political Speech,No,Twitter
-0.8279275992355094,0.2829690820260126,-1.3009424138997272,0.003759711295755121,Real,Video,Social Media,Yes,News Website
1.5881250024725613,1.147899336973566,-1.3620106817528301,-0.0871957982914723,Fake,Audio,Interview,No,YouTube
-1.0265397518377464,-0.023454058385305038,1.0530616662421108,-0.1785815145018204,Real,Image,News,Yes,TikTok
-1.0965139147104077,0.7091663255223786,0.28848666272752216,0.18810510520032347,Real,Image,Political Speech,No,Instagram
-2.0091558024559983,0.7869894923193484,1.2551344857792903,-0.10201175026022456,Real,Image,Entertainment,No,YouTube
1.1274396534175364,1.3970232245389709,0.6262911490094926,0.9821204382011798,Fake,Image,Social Media,Yes,YouTube
1.6950924287492484,-0.956350125127693,-1.1482826970691402,1.14489975484123,Fake,Audio,Interview,Yes,Facebook
1.351782678107779,-1.0535622539608083,-0.02359327561097105,-0.1562024337891174,Fake,Audio,Entertainment,Yes,Instagram
1.7037882528744819,-0.807492670807404,-0.26693936856520484,-0.27591215407188374,Fake,Video,Social Media,No,TikTok
1.1523621287927877,0.23449960664473707,0.7276750452088934,0.11820838680295195,Fake,Audio,Social Media,No,Facebook
-1.5476692086077102,-0.9353018504622606,-1.0598984483419458,-0.0864144801783333,Real,Video,News,Yes,TikTok
-1.3499609503043868,0.03845643290142534,2.0061286519422814,0.2005926082071364,Real,Image,Interview,No,Instagram
-1.4284134971388727,-0.7579651203519265,-1.2777250773508837,-0.09391275537894848,Real,Audio,News,Yes,YouTube
1.6075358043827084,-0.5053196965252897,0.48318114298420495,0.6450573788932006,Fake,Image,Entertainment,No,YouTube
1.4085960411464387,0.4065424339014148,-0.4635618816734563,0.7640549630145492,Fake,Video,Interview,No,YouTube
-1.1449653722186688,0.27789185816245976,-0.3074045069930549,-0.15482087881780032,Real,Image,Social Media,Yes,YouTube
1.8879348074715592,-2.1003998873450955,0.11814445574249485,-0.43708290729614313,Fake,Video,Political Speech,No,Twitter
2.2445048742909854,2.1178812770707394,-0.19065321846506014,0.523837534879535,Fake,Video,Political Speech,Yes,TikTok
-1.8518996593425399,-0.46393882213146864,0.4640566650713293,-0.04177490441382452,Real,Audio,Political Speech,No,Instagram
-1.2982619644347309,-1.232055511451162,-0.7329313731071544,-0.405731432498825,Real,Video,Interview,No,Instagram
-1.4485767440562078,-0.4755732043931404,-0.5459062471821217,-0.5727847919599428,Real,Image,News,Yes,News Website
-1.82261006262225,1.901269394562091,0.1438629833227955,0.18410483997277494,Real,Audio,Political Speech,Yes,YouTube
-1.1732888691748125,0.4071373185287746,1.607093217526082,0.43421385126550954,Real,Audio,Social Media,No,Instagram
-1.766126876898663,0.34658169119640764,-0.31739000099728654,0.18780214152211164,Real,Image,Entertainment,No,TikTok
-1.5327044227407807,-0.06388708707946932,0.06299619701900379,-0.42318469314041124,Real,Video,Political Speech,Yes,Instagram
1.1641886210481802,-0.6279920522281724,0.5362317208608779,0.6312262334582255,Fake,Image,Interview,No,Facebook
-1.724738765175539,-0.7021914271385332,0.7397763062881573,0.21923457819747905,Real,Video,Entertainment,No,Instagram
-1.6052121799591663,-1.0380267287724745,0.08402167789575411,0.3579229443916302,Real,Audio,Political Speech,Yes,YouTube
0.8791151011017236,2.174436105040385,-0.2708993275775854,-1.0968062966922678,Fake,Image,Social Media,No,Instagram
1.9685538679624555,2.006935313991648,-0.14127850361566036,-0.5339366599816917,Fake,Audio,Entertainment,No,TikTok
-1.459534384570912,-0.3140136436208359,0.3540716920789473,-0.48281184410455213,Real,Audio,Entertainment,No,TikTok
-1.703985327288948,-0.8606398023457967,0.9039728871953737,-0.0961429324952014,Real,Image,Interview,No,Facebook
-1.553830551179165,-1.0333316230133172,0.07206168710623602,-0.6364736851731119,Real,Image,Social Media,Yes,TikTok
2.0748223873365093,0.17431581071373745,0.7911845370659523,0.23154172202041895,Fake,Audio,Interview,Yes,TikTok
-1.1876462974946271,-0.7204086230853871,-0.2691197555801105,-0.22286804876206734,Real,Audio,Social Media,Yes,TikTok
-1.4168719174421578,0.34785991337268696,0.6898354984125136,0.6409487587234733,Real,Image,News,No,TikTok
2.5972141342452892,0.9756975453969611,0.9006907666985334,0.30607886823633423,Fake,Audio,Social Media,No,YouTube
-1.5880772119778719,1.361468113233579,-0.3364322750220134,0.17605531508431171,Real,Audio,Interview,Yes,Twitter
2.2388683141745402,0.6149617469830078,-1.7846008578856523,0.40946463650470594,Fake,Video,Political Speech,No,TikTok
-1.4009655309268823,-0.5190733314312168,1.5315103292668473,-0.08290956360588954,Real,Video,Social Media,No,Facebook
-1.5650142130126714,1.055757176957741,-1.0600394771188217,0.42430991205560736,Real,Video,News,No,TikTok
0.6708714616282417,0.10917576097829063,1.8348854426695373,-0.8786009664588792,Fake,Audio,Social Media,Yes,TikTok
-1.7667721585072604,0.6351873083743886,1.4323902365142225,0.31279890956430684,Real,Audio,Political Speech,No,YouTube
2.3930361790956765,0.11746208937416668,0.8306292127657859,-0.588414160919776,Fake,Audio,Entertainment,Yes,Instagram
0.7648138148911553,1.1105565375003836,-1.1965282732480838,-0.7612070363358505,Fake,Video,News,No,Instagram
2.0023394785455406,-0.3602442373146255,0.20253340842919926,0.3042579225803925,Fake,Image,Political Speech,No,Facebook
1.336872409506135,1.3251590408562588,-0.45292032464712084,-0.8240165148880165,Fake,Image,Entertainment,Yes,Twitter
-0.8259044900287021,-0.23593979757540254,0.21562857991087775,-0.11203714666449481,Real,Audio,News,No,News Website
-1.8053827704244967,-0.3341740046580941,1.3809380436238317,0.06169740380419733,Real,Audio,Political Speech,No,YouTube
-1.0978615464932722,-1.5011301738127962,-0.47069150834320367,0.1960003440195309,Real,Image,News,No,Instagram
-1.5482897559466104,-1.8675884153571045,-0.053110081469924394,0.24496866886209112,Real,Audio,Entertainment,No,Twitter
1.8266698353881807,1.4101087065531102,-0.538173952739326,0.15859197447612305,Fake,Video,Social Media,Yes,Instagram
1.910648051212708,-0.23554240583050257,-1.8535586772712653,0.17373191181283718,Fake,Image,Entertainment,Yes,TikTok
-1.3620957788497545,1.6086241899196796,0.3830466806849548,0.07837834651460603,Real,Audio,Interview,No,News Website
0.691119655656223,-0.13347120560944276,2.058894137246247,0.30561947439104914,Fake,Video,News,No,News Website
-1.0034440823288373,-1.8002984200217202,-0.1957744490344304,0.03280302279259568,Real,Audio,Political Speech,Yes,Facebook
1.8352431250851484,0.2466402592679799,0.709825537682951,-0.5267647453809808,Fake,Video,Political Speech,Yes,Instagram
1.0018148511764124,1.5422927542440632,0.4376743545415272,0.4993822496617356,Fake,Image,Interview,Yes,Instagram
-1.7883370140830026,2.2860122631102007,-0.3026905407656755,-0.43554296418534233,Real,Video,Social Media,Yes,Twitter
-1.271768482934931,1.3589461277592378,0.6356739870560427,0.25021708950939014,Real,Audio,Interview,No,News Website
1.4828582452843133,-0.3692671776558378,0.2765515866838668,-1.3955940206262845,Fake,Audio,Interview,No,Twitter
1.6423894833844892,-0.26335674194439096,1.232806890448782,-1.142323258217576,Fake,Image,Interview,Yes,YouTube
2.0314509611079425,-0.2378592090014776,-1.8310553107816623,-0.27259022022373325,Fake,Image,Entertainment,Yes,TikTok
0.8824826450872443,-0.3773110250402236,-1.6966303911612108,0.5266064108160126,Fake,Audio,Social Media,Yes,Facebook
-1.7569892451992182,1.2520603360424252,0.7747148957213574,0.34525156759488873,Real,Video,Entertainment,No,YouTube
-1.8311272333786772,0.6550115853637862,-0.6356050451411349,-0.3799891662821639,Real,Audio,News,Yes,YouTube
1.6544709499039698,0.8631785844738714,-0.014198249278603766,-0.54913029752209,Fake,Image,Social Media,No,YouTube
-1.4782066081759464,0.7166974371386743,0.2697099523519166,-0.07333650886121464,Real,Image,Interview,Yes,TikTok
1.8603741909999134,-1.2867248711437655,0.18324524527630293,-0.9891477411668991,Fake,Image,News,No,Twitter
0.34392899832786883,0.04769244081413059,1.9589430459898909,0.41170567803730435,Fake,Image,Political Speech,Yes,TikTok
1.588428748111004,-0.8014157624026035,0.6974684472314177,0.41895521636317384,Fake,Video,Social Media,No,Instagram
-1.6546388674257755,-0.16760295328665362,-0.8342449993883945,-0.703764007103399,Real,Image,Political Speech,Yes,Instagram
2.4764523253187223,-1.5842462288986927,0.5159515676625513,0.15556656532948396,Fake,Image,Interview,No,Facebook
-1.6860207231977935,0.15389573726904457,0.9132302778822157,0.31223575492846395,Real,Image,Interview,No,Instagram
1.4131845729039967,0.07346563469113979,1.9085474620972112,-0.26438476931950644,Fake,Image,News,No,Twitter
-2.0816773463309652,0.0005820604292100129,-0.9865350261190432,-0.2834865309296265,Real,Audio,Social Media,No,YouTube
0.4246414454955349,-0.18580536005716466,0.15695774312508343,0.11140606749799198,Fake,Image,Entertainment,Yes,Facebook
-1.320053820680604,1.5322304714066637,-0.5299128926353425,0.5544473002738834,Real,Audio,Social Media,No,Instagram
-1.1192852016053574,0.1318256429165907,-1.1647520226468688,0.033153808819419796,Real,Video,Political Speech,No,Instagram
-1.7053698982251733,-0.23384805523685612,-1.7565572533309688,-0.49821031316293235,Real,Image,Political Speech,Yes,Facebook
-1.1791786847697807,-0.8920716510539359,-1.116752067541864,-0.20038973545285674,Real,Video,Entertainment,No,Facebook
1.8017154040761079,-0.9519088232774989,-1.1985960736325787,-1.1007228476325597,Fake,Image,Interview,No,News Website
-1.4164636885611852,0.1590393005380975,-0.18738363402293176,-0.1609621682926208,Real,Video,Entertainment,Yes,Facebook
0.2481634588463861,-1.5313419415131833,0.49523231385682576,-0.37481701248291577,Fake,Audio,Interview,No,Instagram
1.541643760154338,1.1567025478344752,0.6604502689978876,0.2921785352022262,Fake,Image,Interview,Yes,TikTok
-1.5973836339586733,0.8375195596742674,0.22328895212977926,0.22518315247974063,Real,Audio,Political Speech,Yes,Twitter
1.603624565007518,0.45763754702865783,0.4948511285613177,-0.23746822092601289,Fake,Image,Social Media,Yes,News Website
-1.8709531368605008,1.2739583728580344,-0.2735666544601484,-0.3708050191629551,Real,Audio,Political Speech,Yes,Facebook
1.920384182818089,0.028696310331221175,1.7829794531702154,-0.5187616927019544,Fake,Audio,Interview,No,Twitter
-1.6125941784838016,-0.8538504616425622,-0.12212210726325322,-0.3223406693926588,Real,Video,News,No,Facebook
-1.7450302063176832,2.039231281237308,-0.0020403572316669014,0.3218560296403446,Real,Image,News,No,Facebook
-1.6012048071179132,0.9267685699072771,1.1028921895934156,-0.17586629883884689,Real,Video,Interview,No,TikTok
-1.1088708194871273,-0.24900535358646006,-1.8082644792545242,-0.33814630833308906,Real,Audio,Political Speech,Yes,News Website
1.8889831033187776,0.35201213556023425,1.5598475426667004,-0.8665498908717053,Fake,Audio,Social Media,Yes,YouTube
1.030189112321794,-1.4177538729809287,0.43171184572720567,0.3038177591576347,Fake,Image,Interview,Yes,Facebook
-1.6651679463316105,-1.919593503516238,-0.05801455622182473,0.3797218143368976,Real,Video,Entertainment,No,YouTube
0.43920373235595345,0.18446882474278473,-1.2124222024533275,0.2642099560239873,Fake,Audio,Political Speech,No,TikTok
-1.7936031464113593,0.7831229083921996,0.2768855210192467,0.4405147326828644,Real,Video,News,Yes,News Website
-1.8787687246387332,0.7605272989630962,-1.7815356708056764,-0.12541262992857638,Real,Image,Social Media,No,Twitter
-1.3067787610521937,0.10280849557347749,-1.128613830277109,-0.4224681435335303,Real,Image,Political Speech,No,TikTok
-1.957979799412672,-0.21711902631707042,1.2513080172105422,0.10025449794294354,Real,Video,Political Speech,Yes,YouTube
-1.288111239953705,1.6551732571669642,-0.7088502170139588,-0.20298038114696715,Real,Image,News,No,Twitter
-1.3966960025061346,0.7156210006344974,0.2462489545269793,-0.3826436542535563,Real,Image,Political Speech,Yes,TikTok
-1.767573376365099,0.10663823313064993,1.94122924094953,-0.2195901883054667,Real,Video,Entertainment,Yes,Facebook
1.420476775161503,0.783319418844882,0.10647795182853416,-0.49485573551827405,Fake,Video,Entertainment,No,Instagram
-2.058347639514034,0.012389869381854305,-2.003716201506402,0.28094341711626314,Real,Audio,Political Speech,Yes,News Website
1.5229873935729576,0.5967137681204777,1.3300003158835654,0.9099318511587583,Fake,Video,News,No,TikTok
-1.2337299355189182,-0.9518301484903623,-1.1030013307868354,-0.449769038919458,Real,Image,News,No,Twitter
-1.4740386649899317,0.13662935489341346,-0.16498564779224362,-0.20573409421275463,Real,Image,Entertainment,Yes,Instagram
-1.641808246030728,-0.6912178960352682,0.7226168280170726,-0.2188143665958166,Real,Image,Entertainment,No,Facebook
0.06904332802922869,1.051423333327677,-0.10375452012962716,-0.06511186109654453,Fake,Image,Social Media,No,Twitter
-1.001731885377922,1.0503305486059675,-1.0791309800194366,0.10474790738849547,Real,Audio,News,No,TikTok
-1.3144624813844652,0.23660580347803647,-2.2994007960936917,-0.2520556795523877,Real,Video,News,No,News Website
0.6622969912327465,0.42358563945799904,1.5344282719376503,0.1476312776104947,Fake,Video,Interview,No,Instagram
-1.508211796463247,-1.1348806831592764,1.132076184147275,-0.5876904062052348,Real,Video,Social Media,Yes,Instagram
-1.2347335102535713,-1.755357660981799,-0.1988634800216517,0.020679074839086986,Real,Image,News,No,Twitter
1.4151091439942958,-1.2612666209369634,0.21719455308242935,0.6237998977877962,Fake,Video,Interview,Yes,Facebook
1.133332474794818,-0.07723213128129061,-0.9456778688128424,-0.09281825421811027,Fake,Video,Entertainment,No,Instagram
0.647860113127052,-0.18155506394650625,1.1175128484300956,-0.05450564248355917,Fake,Video,Entertainment,No,YouTube
-1.7977954845230315,-0.3088106963488807,0.3601228787213249,0.3475254608998745,Real,Image,Social Media,Yes,TikTok
0.4937911818400216,-0.2793723409687405,1.2037356709584601,-0.15732934881117597,Fake,Image,Entertainment,Yes,Twitter
1.4759930545613806,-1.533758714163154,-0.6177511842777846,-0.41784008900634323,Fake,Audio,Social Media,Yes,YouTube
2.1027133868812093,-0.48045027547453073,1.306889331612081,-0.9909951432002463,Fake,Image,Social Media,Yes,Facebook
1.8760141051697687,-0.14490416587533814,-1.9732883763026567,0.023450472716921227,Fake,Audio,Interview,No,TikTok
-1.1555037279686429,0.6727523861402008,0.3529668271622137,0.1904691762714766,Real,Video,Social Media,No,Instagram
-1.4807693904302541,-0.24653571639224556,0.23944552705494718,-0.16740902642821506,Real,Video,Entertainment,Yes,TikTok
-1.4989255979555056,-1.123078997138298,1.1489071704764395,0.16440887219452952,Real,Image,Political Speech,No,TikTok
-1.2677070590597195,1.7208889449815874,0.2717143320589855,0.3643027404571357,Real,Audio,Entertainment,No,Twitter
1.6122972800799606,-1.3478060365873605,-0.7120160311543972,-0.4646999395402653,Fake,Image,Political Speech,No,TikTok
2.141959339080681,0.045817073266726564,-1.1738223097559073,-0.29387991672337715,Fake,Audio,Social Media,Yes,News Website
1.642072390547177,0.033371131942887135,-0.1924105456847398,0.3154236360423828,Fake,Audio,Political Speech,Yes,YouTube
2.5434774536175517,-1.7006010152726965,-0.42270095884570447,0.24522594341843004,Fake,Image,Entertainment,Yes,News Website
2.4054507080178595,-1.0872779829683172,1.0032649059674184,0.9524183276103496,Fake,Audio,News,No,Facebook
-1.74747169101581,0.05751190210498289,-0.039397728192574075,-0.08907565022215075,Real,Image,Entertainment,Yes,News Website
-1.689899157616805,1.9978317245683728,0.016332626552010215,0.5224377558250171,Real,Video,Political Speech,Yes,YouTube
-1.818292317232149,-0.33772756167239393,-0.6788004495721213,-0.1320332576713128,Real,Video,Political Speech,No,YouTube
0.7419393721021406,1.2710807788567273,0.7271766273251609,0.8853773580857386,Fake,Video,Interview,No,Twitter
-1.8433617831995717,1.1563912731945376,-1.1589237647180166,-0.3003675614968881,Real,Image,Political Speech,No,YouTube
-1.6224496132104735,0.4985133953001466,0.5213055900249239,0.348293598330919,Real,Image,Social Media,No,TikTok
-1.4308443557736628,0.40778366631805346,-0.38282834868292126,-0.34068570074742965,Real,Image,Social Media,Yes,Facebook
-1.423368611131251,-0.2371985837446782,0.25355713113293316,-0.16428344535006356,Real,Image,Political Speech,No,News Website
1.951301085060105,-0.10167985570380803,-1.0548254279019964,-0.5805734634526556,Fake,Audio,News,Yes,News Website
1.1587557802494097,-0.9565831464818608,-1.178768947248418,-0.5720424505075529,Fake,Audio,Entertainment,No,Facebook
2.318190275502286,-0.14510324644851133,-2.0098984755944427,0.16415999559083239,Fake,Audio,Entertainment,Yes,Instagram
2.183088821795524,1.1841032540640852,-0.3367652034109065,-0.8243383432042185,Fake,Audio,News,No,YouTube
0.9877032215140993,0.9192967896466071,1.0078446596660555,-0.5586932516920213,Fake,Image,News,No,Twitter
-1.5340065759919848,1.247493756972099,-0.2441528426598593,0.3715763794460886,Real,Audio,Social Media,No,YouTube
-1.7676494846089974,0.24268167277197442,1.7440098054777473,0.05224460581980556,Real,Image,News,No,TikTok
-1.9660518553557318,0.22108883154653644,-1.1857448654554585,-0.058478637574868375,Real,Audio,Social Media,No,TikTok
1.4290413947070169,0.4819684765488157,0.4243600665958967,-0.038007714936424415,Fake,Audio,News,Yes,Facebook
-1.7169524200031514,2.169077002795781,-0.2029679843837369,-0.09713650602653319,Real,Image,Political Speech,Yes,News Website
1.8782152088199515,-2.072007229254574,0.0509979118283382,0.4285566373081428,Fake,Video,Social Media,Yes,YouTube
-1.358776883130304,2.15985089153054,-0.16377145855127012,0.46533142340432115,Real,Image,Social Media,Yes,News Website
-1.509263416851782,0.9853505087727393,-0.018365083292836135,-0.3101097610258137,Real,Audio,Interview,Yes,YouTube
0.8680886747516725,-0.5883336011736707,-0.5012877326440808,-0.9433719254345342,Fake,Video,Social Media,No,News Website
-1.6429302203137652,-0.5305271106946946,-0.45228486237779203,-0.5722325269163903,Real,Audio,News,No,Instagram
-1.1420320813371827,0.5236753198894761,-0.4954060976332599,-0.19165901747557754,Real,Image,Social Media,Yes,Instagram
2.1939298288812963,-0.7360652128481162,0.6904596759817281,-0.247340428284843,Fake,Audio,Social Media,No,Twitter
1.573140434206265,0.0283377108981113,1.8814072229361845,0.8653955982301452,Fake,Image,Interview,No,TikTok
1.6777293112376024,-1.1958108968339984,1.1432121456712028,0.41725918922145727,Fake,Video,Political Speech,No,Twitter
-1.2827907980864388,-0.6202038714579677,-1.373916841432481,0.6711775914945605,Real,Image,Interview,No,TikTok
-1.3759616498538696,1.8055834832562618,0.1757333998415664,-0.09540312000467317,Real,Audio,Interview,Yes,TikTok
-1.2401417245571595,-0.5856445396747353,-0.4471742027041407,-0.40738638536542005,Real,Audio,News,No,News Website
-1.2241131788764648,1.9625288211530347,0.01766149102386525,0.2743965602966968,Real,Video,Entertainment,Yes,Facebook
0.38558887675397413,-1.9732502274354768,-0.07257177221923147,-0.2236466321833282,Fake,Video,News,No,Facebook
1.409745350822724,0.952086251215848,-1.1596124062772992,0.05986809073639846,Fake,Audio,Entertainment,Yes,Instagram
1.6052981678579343,-0.9511440671383797,-1.130932462408945,-0.921775108777148,Fake,Image,Political Speech,Yes,News Website
-1.2903608187766948,-0.4553874969106111,-1.5507342825320132,-0.0342399872239824,Real,Audio,Social Media,No,YouTube
-1.6255010369784242,-0.555758651937815,-0.42050016439696386,-0.4684504935580653,Real,Audio,News,Yes,News Website
-1.8866249509333077,-0.9189053195002516,-0.027765098975377614,-0.11267001189121094,Real,Audio,News,No,Instagram
0.5035149397067594,1.5549011477964139,0.42776630284973854,0.2988934665628838,Fake,Audio,Interview,Yes,YouTube
0.5667157940150582,-1.548991100674878,0.4790827529747865,0.37160005891207765,Fake,Audio,News,Yes,Instagram
-1.0127723774745407,1.7444220337051026,0.22944861456562213,0.07368817878337354,Real,Audio,Interview,Yes,Facebook
1.1752042883987206,-0.2687386385513696,-0.8291645438670388,-0.4561701948271496,Fake,Image,Political Speech,No,Facebook
-1.2774589382942323,-0.1812708786458431,-0.8490387903369758,-0.02651131655579495,Real,Audio,Interview,No,YouTube
-1.534515398518894,-0.2671911608352153,-0.7154199289206244,0.30786546756065736,Real,Video,Social Media,Yes,News Website
1.287960506804018,-0.05193807594954207,1.0545640794876108,-0.348162193633574,Fake,Video,Interview,Yes,TikTok
-1.7939749399272091,-1.909285966869548,-0.08137175818832465,-0.06431481358275264,Real,Video,Social Media,Yes,News Website
1.9197265112965947,0.09017786079389793,1.756139952894173,-0.4526156383833193,Fake,Video,Interview,Yes,Instagram
1.3915854153790597,-1.4164057197771494,-0.7485457170252802,0.3226872669957826,Fake,Image,Interview,No,Instagram
-1.4208144484116334,1.0793600367559433,-1.1306811978049793,-0.2023293725019052,Real,Video,Entertainment,No,News Website
1.8975106476824783,-1.5686821695351016,-0.5330872392371647,1.1626241091822611,Fake,Video,Social Media,Yes,News Website
1.906463717786071,-0.7987750228655995,0.806547109272472,-0.535482690242129,Fake,Audio,Interview,No,Twitter
-1.8453966096760577,1.5384786195007298,0.45287754323755813,0.12098901713088912,Real,Video,Political Speech,Yes,YouTube
-1.3612651895303947,0.14090248180923415,0.8692177775235308,0.6147411171571098,Real,Audio,Social Media,No,Facebook
-1.7046845725514261,-1.3882738924789,0.4038825153525525,0.23946721745350596,Real,Audio,News,No,News Website
-1.676641066315357,-1.60316464661861,-0.34290784755248405,0.08837781086280826,Real,Audio,Entertainment,No,Facebook
1.4787801588100806,-1.100604805002774,-1.0953481948697326,-0.04649798791172321,Fake,Video,Political Speech,Yes,News Website
-1.321927115445858,-0.31060085038881313,-0.6633253512507864,0.19125525889296324,Real,Video,Social Media,Yes,YouTube
1.8731978170929824,-0.940049648916194,-0.19232249948993596,-0.01957681902406534,Fake,Audio,Entertainment,No,TikTok
-1.1703114888404804,-1.7960604416833457,-0.22946815170214238,-0.42811438281803327,Real,Audio,News,Yes,Facebook
1.6442882642817427,0.24082963433034502,-2.342948809888742,-1.0234628148636666,Fake,Image,News,No,Twitter
1.1234502006364506,-1.5750241268772271,0.4712892209016526,0.5593762986389527,Fake,Audio,Interview,Yes,YouTube
-1.8446485791348628,-0.27258743082986714,-1.7297556229737236,-0.1772232562153112,Real,Audio,Social Media,No,Twitter
1.7600805298685218,-0.13153651913800019,-1.0503531696041049,-0.6882425878961299,Fake,Image,Entertainment,No,Facebook
-1.2254962559119507,-0.3513453487877418,-0.6582229678026348,0.19627959034094347,Real,Audio,Social Media,No,TikTok
-1.7266597059965805,-2.1379228011185654,0.16454749573091623,0.4032624343034196,Real,Video,News,No,Twitter
1.67979836309529,0.3811487165275997,-1.5575748238605196,0.16551432192476406,Fake,Audio,Political Speech,Yes,News Website
2.4020149162840294,-0.11618114288329799,0.06071248388714646,-0.7067130065866413,Fake,Image,Interview,No,Twitter
-1.2866109194028286,-0.04346286510472834,0.013847282084304243,-0.0037423618193935778,Real,Video,Entertainment,Yes,YouTube
-1.4344179624890547,0.5812087212071707,-0.6194903235384513,0.2547787464983854,Real,Video,Interview,No,YouTube
2.806793083507662,-0.9851494073139662,-1.1298363459126972,0.07159120294728775,Fake,Image,Entertainment,Yes,Facebook
-1.7534046443304188,-1.9715422936288345,-0.011354187545406732,-0.31186702546225104,Real,Video,Political Speech,No,TikTok
-1.7669215789075126,-1.5102768432574922,0.5896299855666047,0.33527249236191203,Real,Audio,Political Speech,No,News Website
0.5685285912925842,0.31178647476627974,1.642974326615955,-0.18268428724866992,Fake,Image,Interview,No,YouTube
0.5803217086624277,-2.057250505382872,0.026041508349789563,-0.5099830868566063,Fake,Video,Entertainment,Yes,Facebook
-1.8102857465659539,-0.07906328615774412,-1.9392222195804283,0.4091119066582514,Real,Image,Social Media,Yes,Instagram
-1.6191844291809403,-0.24030129069075737,0.2628675044018474,0.06837130490610993,Real,Image,News,Yes,Facebook
1.92089527136279,-0.8233970589906068,0.7560619479637732,1.4625571292331585,Fake,Audio,News,Yes,Facebook
1.5536033918201717,1.6732419860505214,0.28062627203764434,-0.26791189325063586,Fake,Video,Political Speech,No,YouTube
1.7365229075512552,1.2468983951389079,-0.4070442362248873,-0.46934318144035286,Fake,Image,Social Media,Yes,TikTok
2.2075105028705537,1.520264800742682,-0.735946189123297,-0.7233536334117001,Fake,Audio,Interview,No,Instagram
-1.4771956493023926,1.9321513978245943,0.09276877818289195,0.3667241867186169,Real,Image,Interview,No,YouTube
-1.8930910429694692,1.5239344510634574,-0.5273584671654432,0.15932649970564014,Real,Video,Interview,Yes,Instagram
0.917863756477768,-1.432611750665258,0.3439597640227197,0.20160771574446065,Fake,Audio,Entertainment,Yes,Instagram
2.140259533518958,0.5183762137253529,0.43928466512352277,0.05282025026330271,Fake,Image,Entertainment,No,TikTok
1.015255260910849,-0.4525519161469602,-0.6080368547194388,-0.28101331589874806,Fake,Audio,Social Media,No,Instagram
2.1397090947912716,-0.6739251881158015,-0.36895532208721743,0.40083988736658427,Fake,Video,Interview,Yes,YouTube
1.3883949044704447,-0.5927974862977047,1.4765482956079317,0.40611785992660926,Fake,Video,Social Media,No,News Website
1.30004567200378,-0.9169241481456807,-0.09991730842989306,0.9442744006782869,Fake,Image,Interview,No,Instagram
1.3624761032933763,0.7245600454495346,-0.8189083650507389,0.2850383542637923,Fake,Audio,Interview,No,YouTube
2.479463364201187,0.1326758650914879,-0.3111432771358934,-0.23115750316288367,Fake,Image,News,No,News Website
-1.177397217465836,0.5432295148282253,0.4704645708305837,0.2636481850894028,Real,Video,News,No,Twitter
0.9904181079090906,-1.3530640529079274,0.25658974903461756,-0.8528493172790756,Fake,Image,Political Speech,No,News Website
-1.4451903555470509,-0.8125829214041476,-0.1907739292723649,0.24702339083618954,Real,Video,Social Media,No,News Website
-1.1672948311449705,0.15706815721730927,-0.12686266416998282,-0.15881595906059084,Real,Audio,Entertainment,No,TikTok
2.882867554853309,0.15059130035532695,-0.27569451537736006,-0.20353821135167235,Fake,Audio,Entertainment,Yes,Instagram
-1.3705916555118158,-1.0424184046225815,0.06540263383277402,0.12376786297303234,Real,Image,Interview,Yes,YouTube
-1.508792370752224,0.4896527892093365,0.5238760160302138,0.5023219241991801,Real,Audio,News,No,News Website
2.8061858629731944,0.03525546214517281,-2.180328631874157,-0.13361843807911522,Fake,Audio,Social Media,No,Instagram
-1.277030947598929,0.9717703508370233,-0.993567876334629,0.4361856665386708,Real,Video,Entertainment,No,Instagram
1.0890422089775855,-1.094793314743541,-1.0223361399186441,0.17104743762559502,Fake,Audio,Political Speech,No,TikTok
1.123240473334498,0.1313237026439332,0.8636484646881605,0.716250651739291,Fake,Image,News,Yes,News Website
1.8604993298058163,-1.5419132077110376,-0.4627700802685025,-0.609222341252527,Fake,Audio,Interview,No,News Website
-1.1728185104164301,1.120042268597566,-1.1666392558350762,0.034462306346021994,Real,Video,Interview,No,TikTok
2.228674680939197,1.02577276910944,-1.1076645550812187,0.6913281563663434,Fake,Video,Interview,No,YouTube
2.1754080002646465,-1.6349145130566667,0.6150613594967221,-0.5583004958323712,Fake,Image,Political Speech,No,YouTube
-1.3484340478425707,-0.3267677529617071,-1.6553283863692065,0.09915641201271072,Real,Audio,Entertainment,Yes,YouTube
-1.6687123277433173,1.3964818867070332,0.5789521730073822,-0.2786218460725594,Real,Video,News,No,Instagram
-1.415808348214419,-1.809247216689695,-0.17286383292883062,0.6076247595032666,Real,Image,Entertainment,No,Instagram
-1.5907370010528472,0.5279228740301766,-1.5322111270480991,-0.3523869097553281,Real,Image,Political Speech,Yes,Instagram
-1.5513613739494896,0.04946275872794643,-0.012492420051262927,-0.40079321848471505,Real,Audio,Entertainment,No,Instagram
2.3478947433477226,1.660635346530097,-0.9046886785779359,-0.9420379433480076,Fake,Image,Entertainment,No,Instagram
2.3740749017016936,1.7479472141289205,0.06985657866440767,-0.830727197469031,Fake,Image,Entertainment,Yes,Twitter
-1.3449872547825577,-0.25317713127067504,0.22966111054792107,-0.21864997634377384,Real,Audio,Political Speech,Yes,Twitter
-1.2678091302884307,1.1497195580314887,0.8289425755179312,-0.2837095514544599,Real,Image,Entertainment,Yes,Facebook
-1.2519856231169055,0.42791219106408035,0.6264785654435349,-0.13856130113230114,Real,Video,Entertainment,No,Facebook
0.9129299379726886,-0.7422510289473527,-1.3667342523703023,-0.7291929768424575,Fake,Image,Political Speech,No,Twitter
2.9772540274040074,0.2252106935438572,1.6413730365034358,-0.15064058695489982,Fake,Image,News,No,TikTok
1.7580470521191334,-1.2433518892088047,0.11143688193985263,-0.4174905340413797,Fake,Image,Social Media,Yes,News Website
-1.8633234665779927,-0.9491443716047399,-0.033225062871160935,-0.405865532379323,Real,Video,Political Speech,No,YouTube
-1.8400924291937368,-1.5186326357193682,0.5575178994750735,0.08652978014900622,Real,Image,Entertainment,Yes,YouTube
-1.7176217132572769,0.0773519497373254,-1.0822433669058116,0.0010008132452092222,Real,Audio,Entertainment,Yes,Twitter
1.6846535040712283,-0.2046637392936556,0.06925941380041423,-0.3267631034278119,Fake,Image,Social Media,No,Instagram
1.5435735996000564,-1.0300205266655185,-1.151481158636627,-0.53781919452346,Fake,Image,Social Media,No,Instagram
-1.782092039511899,-0.7773837528790694,0.85205789194959,0.031142508897993956,Real,Audio,Social Media,No,YouTube
1.67973251085626,-0.021979940201960063,0.9129080449116729,0.8909589000743481,Fake,Video,Political Speech,Yes,News Website
1.8201441273758658,1.2161613927438608,-0.22042168441248886,0.2317399170544817,Fake,Image,Political Speech,Yes,News Website
-2.1044641208738004,-1.294029689156807,0.3264816067200763,-0.059610375647722286,Real,Image,Interview,Yes,News Website
-1.5535884912012488,1.7781450335351217,-0.7979456506715621,-0.45142328395500964,Real,Audio,Entertainment,Yes,Facebook
2.8514365698859354,0.020980485997508798,1.8633143900906557,0.3806883125474315,Fake,Video,Interview,Yes,Instagram
1.1020269410419627,-1.3532086208056033,-0.7292423030475966,0.299808784754295,Fake,Image,Political Speech,Yes,News Website
-1.7228851760510593,1.2805316107408904,0.7284778219017953,-0.7599017930804054,Real,Video,Political Speech,No,TikTok
1.0896652473628141,-1.0013701868085765,-1.1711663363667884,0.3272590377090458,Fake,Image,Social Media,No,Instagram
-1.6058149468547482,0.459743450689721,0.5923861722620908,0.454820457763896,Real,Image,Political Speech,No,YouTube
0.7642148315954429,-1.2061929947757,-0.8681959683054739,-0.24959879606449178,Fake,Image,Social Media,Yes,Instagram
-1.370855502258751,1.4878396753622456,-0.5185134270679035,0.005736211492016152,Real,Image,Entertainment,No,Instagram
-1.753721857866438,-1.6336738738841725,-0.32897582589855234,0.0808281592154583,Real,Image,Entertainment,Yes,Facebook
2.2994686184502506,1.7283827865392825,-0.7742759809292662,-0.4186697542566714,Fake,Video,Social Media,Yes,Instagram
-1.7138401390089957,0.012404718463804101,0.036927501913610244,0.1907783784200403,Real,Video,Entertainment,Yes,Twitter
1.0758742426658212,1.5264099036457175,-0.6276552004707574,-1.3197963858685196,Fake,Image,Interview,Yes,Facebook
1.7804501909575496,-0.6395669541385474,-1.382775651305688,0.7291840279565657,Fake,Audio,Social Media,Yes,Twitter
-1.2030369223545718,-0.6908341838517587,0.7049229685620414,0.15780040636572146,Real,Video,Social Media,Yes,YouTube
-1.8359746108723713,-1.5555486605969728,0.5941741449111567,-0.28149104388817076,Real,Audio,Political Speech,No,TikTok
0.9682835064391023,1.4125949797118682,-0.44507659610833955,0.8330411517494599,Fake,Video,News,No,TikTok
-1.8436869769456916,-0.44006394958211886,-0.5111610960209859,0.1180561793555513,Real,Audio,Social Media,Yes,News Website
2.0125518860828904,1.967775263700147,-0.010002038517767915,0.3510955804772814,Fake,Audio,Political Speech,No,YouTube
-0.8436350568118341,0.5381768333988153,0.43802612911321787,-0.16737042333668709,Real,Video,News,No,Instagram
0.6909189613914168,0.30253434453764944,-0.3192455808865865,0.9461216142642882,Fake,Video,Interview,No,Instagram
1.0594046058505364,1.4882273737549527,0.47891936779400407,0.4737782495856599,Fake,Audio,News,No,TikTok
2.3224127628890114,0.5232481990461436,-1.568918578337409,-0.4202974751169146,Fake,Image,Entertainment,No,YouTube
1.00021285899492,0.15310073295764906,1.8849678651657078,0.39221930448855086,Fake,Image,Social Media,No,TikTok
-1.4315417248394668,-0.07668740609924508,1.1374051245049122,-0.26582457666566517,Real,Video,Social Media,Yes,Twitter
0.4042656828535715,-2.165029425506739,0.1149435420920563,-0.39801983524490064,Fake,Image,Social Media,Yes,Facebook
1.3964864728640494,-0.8031802994313645,0.6875686717651287,0.37828824336731215,Fake,Audio,Social Media,Yes,Twitter
0.8211053588013494,-0.5001581963848164,1.5164495230660537,0.9617616493690673,Fake,Image,Entertainment,Yes,YouTube
-1.5620523627860194,-0.9532124936726691,0.005932442483268687,0.08307558299351396,Real,Audio,Entertainment,Yes,Facebook
1.198084641824359,0.009481266028330578,1.9992754702201132,-0.1378278881699011,Fake,Audio,Entertainment,No,Twitter
-1.6422661447982947,1.9043967232162884,0.06318366018404845,-0.22651063451293912,Real,Audio,Interview,Yes,TikTok
0.9091194823373611,-1.0301444876307682,-1.0683439154177643,0.7292129271682346,Fake,Audio,Political Speech,Yes,YouTube
0.9842324199048609,1.0520149697845111,0.9263088595467392,-0.21416481229845594,Fake,Video,Entertainment,No,Instagram
-1.6882013024101723,-0.4937674902608574,-0.5265465902854215,0.0659767965149202,Real,Image,Social Media,No,Facebook
-1.9129140169305625,0.2393931052176344,0.7814023272337681,0.151729118248868,Real,Audio,Entertainment,No,News Website
0.9856171703135268,0.2779977573413997,1.646750415749575,-1.153425639005424,Fake,Image,Social Media,Yes,Facebook
-1.5115033365346986,-0.28823238874663953,-0.7087118764687772,0.01212696266926948,Real,Image,Entertainment,Yes,News Website
-1.298789356963857,0.7415474900710209,-0.7397018614641945,0.31827958651201366,Real,Video,News,Yes,News Website
0.8008911928878689,0.5610269261917806,-0.6999470987251682,0.38712683166399475,Fake,Image,Social Media,Yes,YouTube
-1.578634030934832,0.6873708913757416,0.35713634842054803,0.11506727479112872,Real,Video,News,Yes,Facebook
-1.270918623352011,0.4861336929063591,0.4888331171796951,0.03923629044518152,Real,Video,News,No,YouTube
-1.1645482790167294,0.6972862510564108,1.337854678287161,0.0551378019787535,Real,Video,News,Yes,News Website
-1.7239222896193338,0.20790161620538541,1.8288288913791375,-0.48323298027378203,Real,Audio,Interview,Yes,Facebook
2.2959703927819897,-0.31571626034004563,-0.8273110525782096,-0.6879428710304566,Fake,Video,News,No,News Website
-1.1233960246247452,-0.7015484971819912,0.7310213040887548,-0.083446648778654,Real,Video,Entertainment,No,Twitter
1.5176988672907967,-1.0679292372326235,0.003504998604439655,0.3960402980580568,Fake,Image,News,Yes,Twitter
1.9404340766102237,0.9172564952286647,0.927909118161983,-1.098343666299727,Fake,Image,Political Speech,Yes,YouTube
-1.536516545068614,0.04275391279256959,1.01559132252517,0.5607479378748292,Real,Image,Social Media,No,Facebook
-1.566418085911079,-1.7997365624076238,-0.13328401847439134,0.25680982954558823,Real,Video,News,Yes,YouTube
-1.5200612005047294,-1.0861812585437474,0.13871128591400564,-0.3471019743754186,Real,Audio,Entertainment,No,Instagram
2.8177784727274715,-0.5638804070759298,-1.563746659856186,-0.27135346063044624,Fake,Audio,Political Speech,Yes,YouTube
-2.012583992195166,-0.39693740579007986,1.4307533692271113,-0.36536385930249426,Real,Video,Social Media,Yes,YouTube
1.0534730492796116,-0.9556830984970354,0.9930381634287041,1.154718578823442,Fake,Audio,Interview,No,YouTube
2.4759762945263297,2.177016842462659,-0.32173398252913604,0.6966047962654447,Fake,Image,Social Media,No,Instagram
-0.8387653773170128,-0.3531205956732225,1.3613790712357563,-0.14778340951305965,Real,Audio,Social Media,Yes,YouTube
-1.0254715439418882,0.1401242526419641,0.8814950129210102,-0.05452388408850674,Real,Video,Entertainment,No,YouTube
0.42101317388072534,-1.2196592870505785,0.1522160686487355,0.0938786905177631,Fake,Audio,Interview,Yes,TikTok
1.6680036004115728,-0.8475419716485021,-0.17669379798028545,-0.6257384253675318,Fake,Image,News,No,News Website
1.3141619829336928,0.12351349874590498,1.8244400386853423,-1.454215518903797,Fake,Image,News,Yes,TikTok
-1.6519205352986595,-0.26552559614929144,-1.7179512802551165,-0.20441453179603952,Real,Video,Social Media,Yes,Instagram
-1.3187978661247397,-0.29569873936699326,-0.6628903284907116,-0.0636853555056682,Real,Audio,Entertainment,No,Facebook
-1.379755700410931,0.37034091856734774,-1.4006319716386715,-0.4192928300448023,Real,Video,News,Yes,Facebook
2.223955331118038,1.7952070582850546,0.051349771487758676,0.37785612915625283,Fake,Video,Interview,Yes,YouTube
-1.755430240503057,-1.7192884230177836,-0.2666495758708083,0.1531434281246547,Real,Video,News,Yes,TikTok
0.8464183704864334,0.08757060014746279,-1.1272563696841693,-0.03451992437634004,Fake,Image,News,No,Instagram
2.43305205509821,1.5369152688330778,-0.6309632800166748,-0.46268355078131423,Fake,Image,Political Speech,Yes,Instagram
1.0103804102176634,-1.2350733087345789,0.08775914849006594,0.8378007733447088,Fake,Image,Social Media,No,Instagram
-1.492361377177907,-0.1267191833042509,-1.8876095275329643,-0.41338696068521996,Real,Audio,Political Speech,Yes,Twitter
-1.4374641082642963,-0.4400269944321601,1.509723661344963,-0.24673671486350643,Real,Image,Political Speech,Yes,Instagram
-1.1883810304695206,-0.44012122726215236,-0.5496384445619017,0.16899634577032038,Real,Audio,Interview,Yes,News Website
2.1419268643273774,-0.4386047400647799,1.301678162955318,-1.056778106719288,Fake,Image,Social Media,No,Twitter
-0.9827283476953763,1.6989055420707155,-0.7378799172152685,0.053429258686839794,Real,Video,Entertainment,No,Twitter
1.8747096127265517,-2.1347800093650435,-0.004976762363973048,-0.6866793379936225,Fake,Video,News,Yes,Twitter
1.4017855863341249,-0.35956636760782473,-0.6511513716115026,-0.3468275851450388,Fake,Audio,Social Media,Yes,Instagram
1.1130868500520787,0.19691000905111775,-1.2830462201292463,0.4178742169967281,Fake,Audio,Interview,No,Facebook
1.1031650715356065,0.3991926402043771,0.46516233277840785,-0.19799841694738265,Fake,Audio,Entertainment,Yes,YouTube
-0.9329914777738455,-0.4209542554500751,-0.5993813172029125,-0.1425423091601211,Real,Image,Interview,No,News Website
0.8230229549841076,-1.2647044959018243,-0.6843139981376802,0.9072624792638438,Fake,Video,Social Media,No,YouTube
-1.3286096371384903,0.2275120354486133,0.7458529384177518,-0.2748021382132919,Real,Video,News,Yes,TikTok
-1.0795508980958153,0.03716967403368255,-1.0769883064952088,-0.16217643726223982,Real,Image,Interview,Yes,YouTube
-1.4984274000156368,0.34020179723772115,-0.3589491367847927,0.4237553874449665,Real,Video,News,No,Instagram
2.0985229274267017,-2.125314738144413,0.05030569952937224,-0.20171225804816312,Fake,Audio,News,No,TikTok
-1.3441522281422766,0.5647962439798478,-1.6156711561407056,0.07825999099549072,Real,Audio,Entertainment,No,Instagram
-1.9939323011849053,0.7444106858169715,1.2787130969539473,0.19837033107564425,Real,Audio,News,Yes,Twitter
-1.2119273202735341,-1.312599838810936,0.2897648585357648,-0.4759857146645254,Real,Audio,News,No,Instagram
-1.8196246979973199,0.5268768309210451,-0.5388489170465239,0.1328563944650326,Real,Image,Entertainment,No,YouTube
2.0827527006483786,-0.48418344018397114,1.305900522182972,-0.932848775670784,Fake,Audio,Political Speech,No,TikTok
1.8868907890776874,-2.1351924336075263,0.08587449383047627,1.236276963037999,Fake,Video,Entertainment,Yes,TikTok
-1.7088038300762698,-0.02500243452118546,0.0174289855457411,-0.1539772096285582,Real,Video,Entertainment,No,TikTok
-2.0059468278433865,2.290353779514993,-0.27164360258447906,-0.04455309346525954,Real,Video,Entertainment,No,Facebook
-1.810791641053338,-1.0630931901290237,0.11799542524260997,-0.1892185330894898,Real,Video,Interview,Yes,News Website
-1.9682910200800448,1.4163926426446138,-0.40975863011348407,-0.13337839309749097,Real,Image,Social Media,No,TikTok
-1.1827165942685884,-1.0888706058498974,1.1015429083258588,-0.3964018316531169,Real,Image,Interview,No,Facebook
2.4235897995820164,-0.3394520212587343,1.2587516227871796,-0.45412019045421004,Fake,Video,Political Speech,Yes,YouTube
1.8140792357437818,-1.6429695401385815,0.47147916913927007,-0.6861238261375309,Fake,Image,News,Yes,Instagram
-1.9132226711859461,-0.15229905445856326,-0.8289294362295629,-0.08254509455686768,Real,Image,News,Yes,Twitter
0.891843411541565,0.850642128224684,1.0760664482652664,-0.6776285829238677,Fake,Video,Entertainment,No,YouTube
-1.7413663498334029,-0.26064591825716293,1.2817000610959615,-0.29665213172901195,Real,Video,Entertainment,No,Facebook
2.0722334740688195,0.846831115773813,1.0178367274209386,-0.9726488810226918,Fake,Image,Interview,No,TikTok
1.7375571655715263,1.4622971608818685,0.44245921050495274,0.2524469887689967,Fake,Video,News,Yes,Instagram
-1.6685722695988925,0.7235734692834909,0.31200300914812035,-0.331325781419923,Real,Audio,News,Yes,Instagram
-1.6262029143803753,0.09671544961143762,-2.093971868866041,-0.25818168346770587,Real,Audio,Political Speech,No,Facebook
-1.7667000326062283,0.07709073442140628,1.9531088896644944,-0.2935670375053058,Real,Audio,Interview,No,Facebook
0.5808662519475729,1.571879497413525,0.346099320841122,0.40708428493090604,Fake,Video,Social Media,No,News Website
1.9738313940423147,-2.0570116626805004,-0.13082285725937978,-0.7315611365952382,Fake,Video,Social Media,Yes,Instagram
1.9980853528530906,0.9453308107237678,-1.0059045938108355,0.5096974682825325,Fake,Video,News,No,TikTok
-1.2118216622195543,1.091762993108584,-0.08449159295608627,0.6032787088759564,Real,Video,Social Media,Yes,Facebook
-1.6245297756491794,0.11374268586813001,0.9496316348978867,-0.019674728215104506,Real,Video,Political Speech,No,News Website
-1.3431011745868096,0.40563794658234253,1.6332222973053327,0.10667180007616095,Real,Video,Social Media,Yes,News Website
1.9201663097379567,1.5475879068688747,-0.7169528940873146,0.6165913999358873,Fake,Audio,Political Speech,Yes,News Website
2.493014038959101,-0.024496745507103825,1.9142953725873824,-0.2876832870983654,Fake,Audio,Social Media,No,Instagram
-1.439875094023339,1.14141593822737,-1.1618836192546929,-0.19726106789925898,Real,Image,Interview,Yes,Instagram
1.6811152096722841,0.8162908594661156,-0.9142268434648836,-0.4150897699406636,Fake,Audio,News,No,Facebook
1.79940824096727,-0.22321850458750198,1.1678292289920946,0.23982943234377407,Fake,Video,Political Speech,No,News Website
0.9764214652379549,0.868723740558458,-0.9628919607944986,-1.0079934760401075,Fake,Video,News,No,YouTube
0.5938992873771866,-0.8871613677016058,-0.21763413556961442,0.5947030562049226,Fake,Audio,Entertainment,Yes,TikTok
1.9109793350678923,1.6524314975480272,0.3107349843685938,0.378906664664537,Fake,Video,Entertainment,No,Twitter
-1.6312649122685943,-1.6582868519825247,-0.3410719411995225,-0.4257232681878748,Real,Audio,News,Yes,Twitter
-1.2913187794433365,-0.06902801715854595,-0.951508620188542,-0.335782131573222,Real,Video,Political Speech,No,YouTube
-1.2262784856925177,0.3975043586710379,-1.4132422544870078,-0.35894625870448893,Real,Audio,News,No,Twitter
-1.4246751633240797,-1.0174935336657736,0.022399708455387347,-0.1091443675694967,Real,Audio,News,Yes,TikTok
1.035966447352571,0.8935138881527114,-1.0414664601381742,0.4943010662542443,Fake,Image,Social Media,No,Twitter
-1.97114069119935,-1.288005280215061,0.2938251607442501,0.11533440069746718,Real,Video,Interview,Yes,TikTok
-1.4610887935508476,-0.8987022472956638,0.9564405652789745,0.43237688544182035,Real,Video,Social Media,No,TikTok
2.74485133112681,1.3505825002017822,0.558459834229496,-0.30880281936840304,Fake,Video,Political Speech,No,News Website
2.140236664192662,-1.2069151770939666,-0.8818015280745665,0.6641600753897516,Fake,Audio,Political Speech,No,Facebook
-1.8729591618048351,-0.9657916417208192,-0.0008123760561585012,0.3069361866901096,Real,Audio,Social Media,Yes,News Website
1.710944164078868,-0.6373096368507855,0.6495695082171659,-0.12740444090378067,Fake,Video,Social Media,Yes,News Website
2.047797440488337,-1.0326832445830243,-1.0605006345581416,-0.9469967098135659,Fake,Audio,Political Speech,Yes,Twitter
1.2266524020616663,0.5447929382747608,-1.6304822280736555,-0.5263133319897301,Fake,Image,Entertainment,Yes,News Website
1.347076442299983,-0.5621627080081409,-1.5068759958206417,0.1284975228111466,Fake,Video,News,Yes,TikTok
1.97719687075304,1.9945923404179706,-0.20183635763056063,-1.1059359130913917,Fake,Video,Political Speech,No,YouTube
1.5380540135422802,0.22244979345819157,-0.2919294672151092,-0.5252451191280159,Fake,Image,Political Speech,Yes,News Website
-1.204292340299695,-0.6152900384583408,0.6468525569742052,0.3169586741952003,Real,Audio,Political Speech,Yes,News Website
2.1342287531103556,-2.0421795352267664,-0.09111540402684992,0.21934603637267147,Fake,Audio,Political Speech,No,Instagram
-1.1202119693110644,0.17938784099988367,0.814959188672026,-0.08764884821676888,Real,Audio,Interview,No,YouTube
-1.6615193909896866,0.002642403466667331,2.077387784118634,0.3551099177242192,Real,Image,Entertainment,Yes,Instagram
-1.442117119852448,-0.5110570758878618,0.49159265027850935,-0.4703045230154592,Real,Audio,Social Media,No,Facebook
-1.3306954461520768,-0.7808712253842137,-1.2082618452926088,-0.30875370789709117,Real,Audio,Interview,No,News Website
1.8764002921745708,0.08329432413169996,1.7730785738727093,-0.10041765323676717,Fake,Image,Social Media,No,YouTube
2.1639917777216966,1.225343890649144,-0.34113366585036053,-0.8513987012880527,Fake,Image,Interview,No,Twitter
1.7536935737333292,-0.41598869055573434,-0.6858167793417157,-0.6594605092507492,Fake,Image,News,No,TikTok
2.487809832700464,-0.06455701940579968,0.9348668867145872,-0.5493218238723276,Fake,Image,News,No,Instagram
1.2595475023080223,-1.4127643953393763,0.3507837740774608,0.585460665488173,Fake,Image,Interview,Yes,News Website
0.13064745183077917,-1.6002948314734857,0.5755150360699042,-0.32589954109535085,Fake,Audio,Entertainment,No,YouTube
-1.9873996858865028,-0.6955733242914592,-1.2665629747989706,-0.12844748622821753,Real,Video,Interview,Yes,News Website
2.2965046246823055,-0.5277148668300824,0.44581136778135805,1.089586039046308,Fake,Audio,News,No,Facebook
0.7785228909934078,-0.7587662051920423,0.6324263379765634,0.5579502310027393,Fake,Audio,News,No,YouTube
1.6101983201500099,0.8238901987854651,1.1848086845466472,0.24204564293377112,Fake,Video,Political Speech,No,Instagram
-1.306648800025233,0.9155616888114413,-0.9043512862160957,-0.38968097660980533,Real,Video,Political Speech,Yes,YouTube
1.149142954348863,0.7520609742213794,0.17472993276467375,-0.4705805565645695,Fake,Image,Entertainment,No,Instagram
-1.0166677255232537,-0.19752685831897315,1.2068598241018031,0.3892308381178676,Real,Audio,Interview,Yes,Twitter
2.012773801950542,0.4535611431656085,-1.6483775860641705,-0.14376249183625522,Fake,Image,Political Speech,Yes,Facebook
2.2246775371673873,0.5235219045187474,0.35905933638870063,1.1262027749163621,Fake,Audio,News,Yes,Facebook
-0.13019709293435933,1.6975871732415904,0.26414652855420306,0.33544291174624613,Fake,Audio,Entertainment,No,TikTok
1.3498869377877625,1.1428027296435945,0.7345838062118181,-1.418247384924148,Fake,Video,Social Media,Yes,TikTok
1.7942286278851867,-1.1429262058365472,-0.870014289722567,0.546830685833567,Fake,Video,Interview,Yes,TikTok
1.2633444231110447,-0.4191958049101926,-1.611723837519007,0.7586641882657221,Fake,Image,Political Speech,No,YouTube
2.349215846296902,1.432633995792742,0.3941138165071315,-0.7805609690009941,Fake,Image,News,Yes,YouTube
2.607030868573242,1.1791835456641144,0.6776485315982668,-0.19219599131221635,Fake,Image,Entertainment,Yes,Twitter
-2.212474148406238,0.060466741298758564,1.9895778750946544,-0.14191947281617703,Real,Video,Political Speech,No,TikTok
-1.4865206336205417,-1.4890240782492703,-0.49752705175394046,0.49494973029513967,Real,Video,News,Yes,Facebook
1.6901368611717473,-0.7248465671151427,-1.3127965492251983,0.17859949578852588,Fake,Audio,Social Media,No,News Website
1.2682223266229593,-0.2526783902941688,1.2326028684839974,1.0070906254927379,Fake,Image,Interview,No,YouTube
1.320680800818368,0.05639305777595283,-1.214951727900379,0.7171003917987564,Fake,Audio,Social Media,Yes,News Website
-2.0414136519206205,1.0304096042535487,-1.0261420682531914,-0.03873077444779787,Real,Image,News,No,Facebook
2.051186595549436,-0.1976889841704294,0.08467429225028575,1.1277504732335606,Fake,Video,Political Speech,No,TikTok
1.521272453611751,-0.9412500832566497,-1.1828519865227844,1.227880969660019,Fake,Image,Entertainment,No,News Website
-1.091086099940384,0.5309194078867561,1.4707182544989945,0.19865640641797372,Real,Audio,Social Media,No,News Website
-1.4515946796073005,-0.7519507315676708,-1.199539841736201,0.07857360226078985,Real,Video,Political Speech,No,Twitter
1.1004218307270195,-0.31869942304878535,-0.7486676561864344,-0.74804429748496,Fake,Audio,Interview,No,Instagram
-1.4601407889085263,-0.14064487110869875,1.1638497730581563,0.45715672279662195,Real,Audio,Political Speech,No,News Website
-1.9061322436384172,0.2053315425706746,1.8694833986030224,0.14216180937150294,Real,Audio,Entertainment,No,Instagram
2.5817170284538373,2.141302173486505,-0.310042310538097,-0.045844238445763234,Fake,Audio,Entertainment,Yes,Instagram
2.530259878657443,0.011473403969070609,-1.170734981243534,-0.5129103878636172,Fake,Video,Political Speech,No,Instagram
2.3404150913144575,0.9608943716800548,-0.09938052823975733,0.15388928626596524,Fake,Video,Interview,Yes,Instagram
1.9052350269255296,-0.8365821417363425,-1.2010209016136548,-0.2024437024496456,Fake,Image,Political Speech,Yes,Instagram
1.5868445469902905,0.04606220356599121,-2.061914157428691,0.08827108652469244,Fake,Video,Entertainment,Yes,TikTok
1.218166557202348,-1.784214025857369,-0.3659341373966198,-0.13986452839799055,Fake,Image,Entertainment,No,Twitter
0.7732878863072385,1.8209884099358875,0.07931683440507456,-0.764375616711818,Fake,Image,Political Speech,Yes,Facebook
-1.1977789113294597,-0.7810237169325999,0.7753080516249166,-0.330275325062228,Real,Image,Political Speech,Yes,Instagram
-1.0880651474933927,2.0149238024998453,-0.026733489805299625,0.23096109827868477,Real,Audio,Interview,Yes,YouTube
-1.5054839079099054,0.13943857464706325,-2.171027733105597,-0.5516659899694223,Real,Image,News,No,YouTube
-0.9527719370219229,-0.49633103901168396,-0.5320362659488737,-0.17823894528682319,Real,Video,Entertainment,No,Facebook
-1.520123298683517,0.8994693917696105,-0.9190490056161307,-0.2364850849230238,Real,Video,Political Speech,No,Facebook
-1.926693694810782,-0.4825413243409461,-1.49102959400403,-0.0841298576181495,Real,Image,Entertainment,Yes,Facebook
1.7418255051367764,1.4452258055995841,0.4528475634186383,1.4256451541327546,Fake,Image,News,No,YouTube
-1.7084227090995179,0.01176332451387398,0.007159995184646216,-0.18527508216971758,Real,Audio,Entertainment,Yes,Facebook
1.89003849654601,-1.7838633983313827,-0.2877390411559603,-0.07437708424439093,Fake,Audio,Interview,No,Facebook
-1.7397665518139924,-0.0139851725080959,-1.9817237624168624,-0.553817958457363,Real,Audio,Political Speech,No,Twitter
2.2710530405925407,-1.1721642710880473,1.1026445542725227,0.7889052693499942,Fake,Video,News,No,News Website
0.5987474412081168,-0.1999765400040983,-0.8713368780435502,-0.5450098193115571,Fake,Image,Entertainment,Yes,Twitter
2.3564572412226763,-0.10982308625982577,2.0754023705917684,-0.3856792395140308,Fake,Audio,Social Media,Yes,Facebook
1.4844352822480684,-0.3926162704161058,-0.664659039282829,0.7720040492250088,Fake,Video,Social Media,Yes,Facebook
1.943510575468208,0.9538065337056455,-1.014596405030315,0.26558066831020305,Fake,Audio,Entertainment,Yes,Facebook
-1.6448105487602935,-1.6970875569022903,-0.2626151466390574,0.5282715114471124,Real,Audio,News,Yes,Instagram
-1.9048499999753628,0.5866905347525602,0.4297573437117503,-0.06310269440185692,Real,Video,Interview,Yes,Facebook
-1.1311022319873778,0.6907863546687698,-1.725173691595105,0.11360620375001672,Real,Image,News,No,YouTube
-1.5687695176149172,-0.26019492943760236,1.2394410354276209,-0.16062415971065555,Real,Audio,Social Media,Yes,TikTok
1.4582863046175654,-0.11591409227603332,-2.0298451154956667,1.136681177707706,Fake,Audio,News,No,Instagram
1.850762878461261,1.071440873134164,-1.2040101934125298,0.24428922208568643,Fake,Audio,Social Media,No,YouTube
2.5564609355881824,0.10514079688170112,0.7721052672561429,0.30460485941327087,Fake,Image,Social Media,Yes,News Website
-1.456068216073,-0.7768716684276251,0.8168392961939736,0.21188076947791226,Real,Video,Political Speech,Yes,Twitter
1.3272054773822686,-0.5372558334001191,-0.6178459222976107,-0.5094821676320131,Fake,Image,News,Yes,Instagram
-2.002699196768144,0.0533033236917058,-1.035659888626228,-0.37698172934570007,Real,Image,News,No,Instagram
-1.6554609742230921,0.1825195966263216,1.8978972717146143,0.09105342098899714,Real,Image,Interview,No,Instagram
-1.7590476463280356,0.6233354629080956,1.4279871443032743,-0.2824655795339723,Real,Video,Social Media,Yes,TikTok
-1.1610421307882193,0.09789133968464515,0.8843956333430687,0.016608527267034687,Real,Audio,News,No,News Website
-1.450976563060675,1.3954343827382112,-0.35707349968703184,0.01868354629877648,Real,Video,Interview,Yes,News Website
-1.307898244288902,-0.5753641560458286,-1.4455573502480963,-0.2882915547302288,Real,Video,Political Speech,No,YouTube
1.4231321105975923,1.1394993480452285,-0.2565999764731768,-0.2685206650773036,Fake,Video,Entertainment,Yes,News Website
-1.9568345423008826,0.43046476675730866,-0.43770581535072695,0.19384217519112767,Real,Image,News,No,YouTube
-1.4083311694332215,1.017091464133325,1.0073606962709847,-0.07454292367365449,Real,Audio,Interview,Yes,Facebook
-1.6499918432328406,-0.923355596543606,-0.05723540993056728,-0.4869733038119398,Real,Video,Interview,No,TikTok
-2.316644543648035,-2.030016832239978,0.08574680733677059,-0.09566570660680611,Real,Image,Political Speech,No,YouTube
-1.7480689555259574,-0.06650008437490819,-1.896524884276687,-0.01752298425411604,Real,Video,Political Speech,No,YouTube
1.500669311095999,0.4095414271587065,0.523489263915155,0.25958318852572293,Fake,Video,News,No,Twitter
-1.250351145420938,-1.4973493440966776,-0.4783197560528254,0.07645710912915239,Real,Video,News,Yes,YouTube
1.6179325641514293,0.5288292241611576,-0.7117394445017128,-0.18900703606106822,Fake,Image,Social Media,Yes,News Website
2.6999715095844135,-0.9730528875527665,-0.15356056257630668,0.07035107589201793,Fake,Video,Interview,Yes,News Website
-2.0421647873736037,0.8702076282040929,-0.8523769387813235,-0.19323018027329364,Real,Video,News,No,YouTube
0.041619003404298194,-0.4937780475297861,1.4515138979013313,0.2401954454311479,Fake,Image,Interview,No,YouTube
-1.307554858263902,0.23167772707219142,0.7921452427586037,-0.49636195223346463,Real,Audio,Entertainment,No,Facebook
1.504588679931404,1.442370189946178,-0.4862492744729188,-0.37792990889447503,Fake,Image,Political Speech,Yes,Twitter
1.0565509099285715,-0.7267245268544408,1.6422803469470313,0.5302263437949182,Fake,Audio,Interview,Yes,Instagram
1.5947403738158303,1.1917684727642135,-0.33508022481752575,-0.01941248342040156,Fake,Video,Entertainment,No,TikTok
1.626769151747123,-0.7097009103208929,-0.45990241368147067,-0.002109329438459608,Fake,Audio,Interview,Yes,Facebook
-1.661966766899865,-0.5072327277553167,-1.4871324398429708,0.3181835025414435,Real,Video,Interview,Yes,TikTok
2.012204247766203,0.7183584283077532,-0.7839253703048178,0.6538932565186076,Fake,Audio,News,Yes,YouTube
-1.5023989892444227,-0.7217517818799776,-0.2422879328859367,0.24132951837110528,Real,Audio,Political Speech,No,News Website
1.519306359397233,-0.7044255062436889,-0.44913532765474923,-0.6651627869750062,Fake,Audio,Entertainment,No,TikTok
-1.8806219754033682,-0.4229316899598766,-0.5514117585785709,0.05149642027000925,Real,Video,News,No,TikTok
-1.7795182069306266,-1.3825746157288894,0.4475703625602515,-0.014159621894575139,Real,Video,Political Speech,No,TikTok
0.6455069307953156,-0.11663857731276836,1.1037230911970297,0.12134684692502491,Fake,Video,Entertainment,No,Twitter
0.2840728121378068,0.5761584899803461,0.4017203979894885,0.5939220907702916,Fake,Audio,Entertainment,No,TikTok
-1.657439083227348,-0.9188159948686937,-1.0744957768332404,-0.5302569092063583,Real,Audio,Social Media,No,Facebook
2.0067973944271795,-0.30864249416984757,0.28887901854699344,-0.22002511550754916,Fake,Audio,News,No,Instagram
2.2982184647840738,-0.5562894514320114,1.5144162727354094,-0.008828806710496299,Fake,Audio,Social Media,No,Instagram
-0.8275072626279284,1.0037620453516796,-1.032388132952379,-0.014793683465724506,Real,Image,Political Speech,Yes,YouTube
1.163331649545072,0.05073264750803275,1.9774725922549758,1.0985849493259656,Fake,Audio,Political Speech,No,Facebook
-1.584850728347058,2.178503284452537,-0.17448489845717938,0.0684924298345298,Real,Audio,Interview,Yes,YouTube
-1.583622707525533,-2.075574618418056,0.09419414267742413,-0.15194298545753024,Real,Audio,News,Yes,News Website
0.8130771076643559,-1.2323481753707872,0.16013537222271781,-0.44097594584547256,Fake,Video,Social Media,Yes,Facebook
-0.9701442399171315,-2.113551367229394,0.1301324676402003,0.05122134357765085,Real,Video,Social Media,No,Instagram
1.526918237491056,2.1334482927307925,-0.2150899844768085,-0.5939217845585705,Fake,Video,Entertainment,Yes,Twitter
2.1655311166367004,-0.9297738310108684,-0.2430151610820191,-0.19944229236702773,Fake,Video,News,No,Facebook
1.8055678182128694,-0.30090867532045434,0.23837274927835872,0.5354023202499869,Fake,Video,Entertainment,No,YouTube
2.4827565724414398,1.9875571544944064,-0.17142929896659673,0.003292738817083142,Fake,Image,Political Speech,No,YouTube
-1.030895588333705,0.8988207039625924,0.06138040470220713,-0.13834291630143775,Real,Image,Social Media,Yes,Instagram
-1.8194149022843435,-0.4005287676063807,1.4278973105488724,-0.39698684823217373,Real,Image,Interview,No,TikTok
-2.0999593050512835,-0.33484030471849324,-1.6288372173614096,0.06308337558994308,Real,Video,News,No,Twitter
2.9313104050643477,0.23237990727727934,0.6768202680542527,-0.2879790591010131,Fake,Image,Interview,Yes,Twitter
-1.7330919770128321,-0.10847005795573944,0.09958723323344874,0.14453142832113808,Real,Image,News,No,YouTube
-1.3711824613307266,-0.2843354906984198,0.3317528973635729,0.16967363525588938,Real,Video,Political Speech,No,TikTok
1.1536754667834261,-0.29319308468161315,0.21673340647386286,0.3136703262495289,Fake,Image,Social Media,Yes,Facebook
-1.2801738246892238,2.0910899639086913,-0.09778387970553776,0.26764474903125934,Real,Audio,Political Speech,No,TikTok
2.9371496107848842,-0.3738239564270941,1.2654043266433659,0.07887933666699097,Fake,Image,Political Speech,Yes,YouTube
0.6857964415405354,-0.028899048595295917,-1.0781192740861794,0.4516004160996976,Fake,Audio,News,No,News Website
1.7069740254974317,-0.8298828292003461,-1.3215916511155292,-1.0799642656723423,Fake,Image,Social Media,Yes,News Website
1.1658256418835355,-0.8048450199971627,-1.2418631026847002,0.41931054554477787,Fake,Image,Social Media,No,Facebook
1.8445173063426623,-0.48362434757441053,0.38069165141166683,0.3540467766564371,Fake,Audio,Interview,No,YouTube
-1.8440080741912268,0.04600573769034939,-0.05358238387646004,-0.043766744817966344,Real,Video,Entertainment,No,TikTok
0.9758661512119571,-0.2866332774239621,1.203120395784351,-0.18153360359039922,Fake,Audio,Entertainment,Yes,Facebook
1.9254256392678402,0.17218348656530783,0.810825271126665,-0.17507078995507122,Fake,Video,Entertainment,No,Twitter
-1.3789094220964868,-0.34511936483418637,-0.6580801514661602,0.1350769218716526,Real,Video,News,Yes,Facebook
1.4594512877645662,0.09167377584930757,-2.1511290450723757,1.1452921487669174,Fake,Audio,Entertainment,Yes,Facebook
1.81467309993419,1.5872331748294934,0.2310411370556078,-0.9738598106405819,Fake,Video,Social Media,Yes,Facebook
-1.8530079936189328,-2.1402810882920513,0.16406232323321615,-0.26695991987697854,Real,Audio,Social Media,Yes,Twitter
-1.5786117452516693,-0.6061570102991428,-1.3800916632596214,-0.3084075466931587,Real,Image,Interview,Yes,YouTube
-1.3388366656538204,-0.5681180548361057,-1.4257192126787186,0.5940498542329135,Real,Audio,Interview,Yes,YouTube
0.8872389208401016,0.41113568476333123,-0.41214357529817547,0.7620625996186671,Fake,Image,Entertainment,Yes,Instagram
-1.660892474451735,-2.0426813325469397,0.08099275515686473,-0.13076305595065382,Real,Image,News,No,TikTok
-1.1686966672924046,0.5936802214696796,-1.5897601986942862,-0.14129381810545616,Real,Image,Political Speech,No,YouTube
-1.659262161175276,-0.04118804836392998,-1.926320834139709,0.6140384018496462,Real,Video,Entertainment,Yes,Instagram
2.5489003890087667,-0.7363851030993405,1.614549200806277,-0.10259086476802455,Fake,Image,Interview,No,Instagram
-1.425306009127643,-0.4991088456277935,-1.5022362582997628,-0.08910454919474249,Real,Image,News,Yes,Instagram
-1.4554410664892279,0.10017116650418846,-1.1111933236761988,0.6356185002887996,Real,Image,Social Media,Yes,YouTube
-1.5067740453871776,-0.9031783308090096,-1.0853426062908842,-0.2454114988795948,Real,Image,Social Media,No,Facebook
-1.7345017933703668,-1.6061816362246877,-0.39792599424067837,0.18778212545100334,Real,Image,Interview,No,Twitter
2.170241888398768,1.4347761082368962,-0.6395346715803686,-0.9435820081774163,Fake,Video,Political Speech,Yes,Instagram
1.916586891812888,-1.0460239295945044,-1.0453126352358613,0.2634930099612978,Fake,Image,Interview,Yes,News Website
2.767200644944,1.3929768488830867,0.48994468864744506,-0.456789467531489,Fake,Audio,Interview,No,YouTube
1.2691167443505422,0.6824226169264684,-1.8465448517762924,-0.5388182744344197,Fake,Video,Interview,No,News Website
2.283786072015887,2.2033113683832783,-0.29791600290019815,0.6039176991431205,Fake,Image,Social Media,No,YouTube
-1.6191852959945572,1.1155268442756074,-1.1130174839588542,0.19751628213632758,Real,Video,Entertainment,Yes,News Website
-1.223762623773525,0.753254079773514,-0.7643323549735127,0.5154545883846818,Real,Video,Interview,No,TikTok
1.7173966038709185,-0.5403050285056709,-1.4968708400954382,-0.23238571030942856,Fake,Video,Entertainment,Yes,YouTube
-1.8440624513475632,0.1467828427836319,1.881548722923433,-0.18466270496551374,Real,Audio,Social Media,Yes,News Website
0.27448475740995876,-1.8381343243719432,-0.19641504526966524,-0.43709877025668736,Fake,Image,Social Media,Yes,Facebook
2.257246949512651,0.4241392673893192,-1.5437170757180771,0.16743502653791978,Fake,Image,Interview,No,TikTok
2.4691457875564264,0.34882858953833884,-1.5247524353465685,0.17767788832550485,Fake,Video,Social Media,Yes,TikTok
1.6494065620632634,-0.07879975396535467,-2.0277001940322212,-0.2812324044710036,Fake,Image,Entertainment,Yes,YouTube
-1.8049131635284164,0.49648370885861287,1.5733818585761532,0.11266383790994931,Real,Audio,Social Media,No,YouTube
0.46996316768869983,1.4741600236418106,0.45907635894882387,-0.10607613129297434,Fake,Video,Entertainment,Yes,News Website
-1.69882145789921,0.9211169581639443,1.050587285246986,0.0163636731483185,Real,Image,Entertainment,No,News Website
2.637173529405785,1.520943837708695,0.3579076086096681,0.8386545222179816,Fake,Image,Entertainment,Yes,TikTok
-1.569206452490993,0.5340779740561242,-0.5251009865975611,0.11133368436573182,Real,Image,News,Yes,News Website
0.8996243686440223,0.9228840048726559,-0.9517790669288327,0.4423578650458555,Fake,Audio,Political Speech,Yes,TikTok
-1.6477201142630389,2.2254676070023263,-0.19563803627910706,0.479667572655865,Real,Image,Interview,Yes,News Website
1.5232813732769814,-0.5487966977528627,-1.4522265121116444,-0.19104319755287094,Fake,Video,Social Media,Yes,Twitter
1.8465782572915417,-0.7998478308767469,-0.24711521328950348,-0.9370212440477762,Fake,Video,News,Yes,TikTok
3.02079903281636,-1.054154491133499,0.9569596518177587,-0.40678757466711707,Fake,Image,News,Yes,TikTok
0.48445193598489933,1.7118686129626681,0.20213628114168983,0.5861703445752826,Fake,Video,Entertainment,No,Twitter
0.5142150162776965,-0.32707636314664595,-0.7263091242750205,-0.13886238854970887,Fake,Audio,Social Media,Yes,Twitter
0.6894626014377087,-0.8093773278149867,-1.2347996528293297,-0.011601478272147261,Fake,Image,Political Speech,Yes,YouTube
1.2595980135491034,-0.07760596389175552,2.034343867737111,1.0731928123454209,Fake,Video,Political Speech,Yes,Facebook
-1.0597061025707795,1.453991968628351,0.5464099821596015,0.34475996581398094,Real,Audio,Interview,Yes,News Website
-0.9510522163152576,-0.6710844192829984,0.6740963357577849,0.08216700152290674,Real,Audio,News,Yes,TikTok
-1.7460638250133647,-0.463816593996673,1.5283432573235516,-0.24208713967543277,Real,Image,Political Speech,Yes,News Website
-2.1258750452526534,0.7692203675997282,-0.732278576770735,0.17718766459844473,Real,Image,Social Media,Yes,Twitter
2.0952847239220076,1.1224110456626604,-0.14937244507149045,-0.2656036590223664,Fake,Video,Interview,Yes,Facebook
-1.3844477687425067,0.5617731471116606,0.46132775815068117,-0.11650422968103417,Real,Audio,Political Speech,No,TikTok
-1.5798436365610475,-0.5988470853240291,-1.4157195268729492,-0.15451178235795132,Real,Video,Interview,No,TikTok
1.5636393902754613,-1.0558208809253327,0.031554212330162194,1.2772697736420244,Fake,Video,Interview,Yes,News Website
-1.757142349581794,-0.20078762002733003,-1.7495875739056648,0.5162543125295118,Real,Image,Political Speech,No,Instagram
-2.070372917995226,0.6359376966577516,1.401885521901235,-0.005552219894217356,Real,Image,Social Media,No,YouTube
2.134925069349114,1.6469574590859193,0.19376577765448139,-0.3648714306567235,Fake,Audio,News,No,News Website
1.5792154410803596,0.9041859291388621,-1.0405631002081641,-1.325682037321047,Fake,Image,Political Speech,Yes,Instagram
1.43543793174337,0.7330398938201916,1.1826787758391928,-1.120611626750598,Fake,Video,News,No,News Website
1.8435377679190703,-1.1060546154044477,0.934116301631759,-0.19226640973413267,Fake,Image,News,Yes,TikTok
-1.4509794364029382,-0.7495311150674305,-1.2507098334417213,0.11578823375382223,Real,Video,Political Speech,No,Instagram
-1.7004071503164608,0.5076783528610019,-0.5273379313107567,-0.16125686051062807,Real,Image,Social Media,No,News Website
1.0857147115177048,-0.004960280371602167,0.9534700950445701,0.5533302115779658,Fake,Video,Social Media,Yes,YouTube
1.3768542053011092,-0.6611979400253407,1.609129782258026,-0.3933426805956341,Fake,Audio,Entertainment,Yes,YouTube
-1.347079531628546,1.145795506965486,-1.1865481438918744,0.12187523451376152,Real,Video,Social Media,Yes,YouTube
-1.9673597440381907,0.23188527059477013,0.8042353362245312,-0.14798342206989726,Real,Audio,Entertainment,No,Twitter
-1.2231378558415595,-0.7594606162740072,-0.28062635060933466,-0.4234321107428344,Real,Audio,Interview,Yes,YouTube
2.62966654786635,0.32015848363112825,-0.47581615567167873,0.2639848950071867,Fake,Audio,Interview,Yes,Facebook
1.8690746905565812,-0.7274821264829489,-1.3925941456685995,-0.11976655920396298,Fake,Image,Interview,Yes,Twitter
-1.2973146374962954,1.619631684838518,-0.6498974800871453,0.44027620207157675,Real,Image,News,Yes,News Website
-1.3809489297008861,-1.3722183030557058,0.39886644908597485,0.5413183242245503,Real,Audio,Social Media,No,Facebook
1.16271735955021,-0.03444937471144072,2.0851023371944626,1.007486771744453,Fake,Audio,Entertainment,No,Facebook
-1.8586872529855276,0.09253664863603472,1.9456607762945357,-0.6319405459007069,Real,Video,Social Media,Yes,Facebook
-1.6642156332240454,0.7625923833465039,-0.726405506226306,0.23205387060536387,Real,Image,Social Media,Yes,Twitter
0.6837737734074213,0.7540098358517895,1.1950700686722227,0.38199134182429395,Fake,Image,Interview,No,Instagram
-1.487906768535425,-1.0029619166956565,0.06708250500160938,0.23523046547560233,Real,Audio,Interview,No,Instagram
0.5850565835305986,-0.8369805306174015,0.7451106177450565,0.468033266938724,Fake,Image,News,No,Twitter
-1.2176193943087543,-1.3792359468017366,0.3953433810955244,-0.17285116447425303,Real,Audio,News,No,Instagram
-1.5191590204187828,1.736449567144074,0.28977958945293103,0.40166357500656436,Real,Audio,News,No,News Website
-1.8025825546229242,0.4170390369239457,1.6211888210686771,-0.11180969409284405,Real,Image,Interview,No,News Website
1.1540796047206068,-0.5739930111445615,0.6020627126068756,1.2886087468689411,Fake,Video,News,No,Facebook
-1.5227327615466448,-0.44223754707276575,0.4364563383249864,-0.1324696381402669,Real,Video,Interview,Yes,Twitter
-1.3710583890656327,0.27188937966635335,0.7665951526351418,-0.024303258587765438,Real,Image,Interview,Yes,Twitter
0.4100231474690915,-0.8655496860072559,-1.1518755893211468,0.6392360623209961,Fake,Video,Social Media,No,Instagram
-1.3859718571319182,-0.9964301996863403,-0.0040672900505233645,-0.08803371820094338,Real,Image,Interview,No,Instagram
-1.6114990846159571,0.1428660994111684,0.9157276522816056,0.5146985672790603,Real,Image,News,Yes,TikTok
-1.929398966001789,0.4422324889627141,0.5949098534794527,0.14599465324062547,Real,Video,Entertainment,No,Instagram
-1.9000513520789286,-0.1705174808082049,1.204274548120362,0.14671331113737549,Real,Video,Interview,Yes,Twitter
0.7305530014578979,-1.099070224573288,-0.013035247627230274,0.21499894000095868,Fake,Audio,Interview,No,Facebook
0.190655207027079,-0.5159057689739063,0.4953969016919765,-0.07757581117330058,Fake,Video,Political Speech,No,Twitter
-1.8470680572398133,-0.2787057301267523,0.2973219868118377,-0.23354143922350643,Real,Image,Entertainment,Yes,YouTube
-1.3467328479976546,-0.6180892942938971,0.577784728554337,-0.4868332332981032,Real,Image,Political Speech,No,Instagram
0.7580042242922812,0.5764580789029684,1.4122391151536886,0.32742485268304816,Fake,Audio,Political Speech,Yes,TikTok
1.0722771997910654,1.935616462250026,-0.08695118251844966,0.19300034076383543,Fake,Video,Interview,No,TikTok
1.7430627936572505,0.9474916344377723,-1.0878062973313058,-0.5134380292523459,Fake,Image,Political Speech,No,TikTok
