component,explained_variance_ratio,cumulative_explained_variance
PC1,0.5146566257057348,0.5146566257057348
PC2,0.20209182044647217,0.7167484461522069
PC3,0.198667726040074,0.9154161721922809
PC4,0.045725492590815535,0.9611416647830964
