component,explained_variance_ratio,cumulative_explained_variance
PC1,0.5146566257057346,0.5146566257057346
PC2,0.20209182044647245,0.716748446152207
PC3,0.19866772604007424,0.9154161721922812
PC4,0.04572549259081545,0.9611416647830967
