ds,trend,yhat_lower,yhat_upper,trend_lower,trend_upper,additive_terms,additive_terms_lower,additive_terms_upper,weekly,weekly_lower,weekly_upper,yearly,yearly_lower,yearly_upper,multiplicative_terms,multiplicative_terms_lower,multiplicative_terms_upper,yhat
2024-01-01,0.78009635,-0.28283318059427237,1.8462011357418628,0.78009635,0.78009635,-0.027510200294028186,-0.027510200294028186,-0.027510200294028186,0.04110505439411438,0.04110505439411438,0.04110505439411438,-0.06861525468814256,-0.06861525468814256,-0.06861525468814256,0.0,0.0,0.0,0.7525861497059718
2024-01-02,0.7798292338287671,-0.6025791507715671,1.593519796876473,0.7798292338287671,0.7798292338287671,-0.22795533464438777,-0.22795533464438777,-0.22795533464438777,-0.1488023148354679,-0.1488023148354679,-0.1488023148354679,-0.07915301980891985,-0.07915301980891985,-0.07915301980891985,0.0,0.0,0.0,0.5518738991843793
2024-01-03,0.7795621176575341,-0.34544945021135653,1.840157524673888,0.7795621176575341,0.7795621176575341,-0.01031241290409558,-0.01031241290409558,-0.01031241290409558,0.07981640378385416,0.07981640378385416,0.07981640378385416,-0.09012881668794973,-0.09012881668794973,-0.09012881668794973,0.0,0.0,0.0,0.7692497047534386
2024-01-04,0.7792950014863014,-0.32767852840207345,1.7383991130949905,0.7792950014863014,0.7792950014863014,-0.08263271303331785,-0.08263271303331785,-0.08263271303331785,0.01861757550027973,0.01861757550027973,0.01861757550027973,-0.10125028853359758,-0.10125028853359758,-0.10125028853359758,0.0,0.0,0.0,0.6966622884529835
2024-01-05,0.7790278853150684,-0.3320603069275944,1.7545921528774553,0.7790278853150684,0.7790278853150684,-0.09336875495902999,-0.09336875495902999,-0.09336875495902999,0.018857691165949632,0.018857691165949632,0.018857691165949632,-0.11222644612497962,-0.11222644612497962,-0.11222644612497962,0.0,0.0,0.0,0.6856591303560384
2024-01-06,0.7787607691438356,-0.4636862406407209,1.6651018728704745,0.7787607691438356,0.7787607691438356,-0.08447496119818554,-0.08447496119818554,-0.08447496119818554,0.038301554647152965,0.038301554647152965,0.038301554647152965,-0.1227765158453385,-0.1227765158453385,-0.1227765158453385,0.0,0.0,0.0,0.6942858079456501
2024-01-07,0.7784936529726026,-0.4914754650277922,1.6118926777263758,0.7784936529726026,0.7784936529726026,-0.18053433844502964,-0.18053433844502964,-0.18053433844502964,-0.04789596465629914,-0.04789596465629914,-0.04789596465629914,-0.1326383737887305,-0.1326383737887305,-0.1326383737887305,0.0,0.0,0.0,0.597959314527573
2024-01-08,0.7782265368013698,-0.46136263091928303,1.7668453745063757,0.7782265368013698,0.7782265368013698,-0.10047126045019816,-0.10047126045019816,-0.10047126045019816,0.04110505439438103,0.04110505439438103,0.04110505439438103,-0.14157631484457917,-0.14157631484457917,-0.14157631484457917,0.0,0.0,0.0,0.6777552763511716
2024-01-09,0.777959420630137,-0.6103371946119749,1.6138514166947633,0.777959420630137,0.777959420630137,-0.2981902410230193,-0.2981902410230193,-0.2981902410230193,-0.14880231483541684,-0.14880231483541684,-0.14880231483541684,-0.14938792618760247,-0.14938792618760247,-0.14938792618760247,0.0,0.0,0.0,0.47976917960711774
2024-01-10,0.777692304458904,-0.32430862672619326,1.8079755493970002,0.777692304458904,0.777692304458904,-0.07609345805148762,-0.07609345805148762,-0.07609345805148762,0.07981640378347739,0.07981640378347739,0.07981640378347739,-0.15590986183496502,-0.15590986183496502,-0.15590986183496502,0.0,0.0,0.0,0.7015988464074164
2024-01-11,0.7774251882876713,-0.39859061071416513,1.6245463916313307,0.7774251882876713,0.7774251882876713,-0.14240477257516979,-0.14240477257516979,-0.14240477257516979,0.018617575499854405,0.018617575499854405,0.018617575499854405,-0.1610223480750242,-0.1610223480750242,-0.1610223480750242,0.0,0.0,0.0,0.6350204157125015
2024-01-12,0.7771580721164383,-0.5089304733745432,1.728394372433955,0.7771580721164383,0.7771580721164383,-0.14579459651109075,-0.14579459651109075,-0.14579459651109075,0.018857691166388007,0.018857691166388007,0.018857691166388007,-0.16465228767747878,-0.16465228767747878,-0.16465228767747878,0.0,0.0,0.0,0.6313634756053476
2024-01-13,0.7768909559452054,-0.47130043778327263,1.6512485023235588,0.7768909559452054,0.7768909559452054,-0.12847331810327522,-0.12847331810327522,-0.12847331810327522,0.038301554647213826,0.038301554647213826,0.038301554647213826,-0.16677487275048905,-0.16677487275048905,-0.16677487275048905,0.0,0.0,0.0,0.6484176378419302
2024-01-14,0.7766238397739724,-0.47685691904981575,1.6308890506695275,0.7766238397739724,0.7766238397739724,-0.2153096253649137,-0.2153096253649137,-0.2153096253649137,-0.047895964656005915,-0.047895964656005915,-0.047895964656005915,-0.16741366070890779,-0.16741366070890779,-0.16741366070890779,0.0,0.0,0.0,0.5613142144090587
2024-01-15,0.7763567236027397,-0.41841954620931554,1.7525938847049924,0.7763567236027397,0.7763567236027397,-0.12553405937341203,-0.12553405937341203,-0.12553405937341203,0.0411050543943661,0.0411050543943661,0.0411050543943661,-0.16663911376777812,-0.16663911376777812,-0.16663911376777812,0.0,0.0,0.0,0.6508226642293277
2024-01-16,0.7760896074315069,-0.554287849876542,1.5296533404445465,0.7760896074315069,0.7760896074315069,-0.3133679631836778,-0.3133679631836778,-0.3133679631836778,-0.14880231483536577,-0.14880231483536577,-0.14880231483536577,-0.1645656483483121,-0.1645656483483121,-0.1645656483483121,0.0,0.0,0.0,0.4627216442478291
2024-01-17,0.7758224912602739,-0.42160033004200737,1.7654263342127583,0.7758224912602739,0.7758224912602739,-0.08153088166256203,-0.08153088166256203,-0.08153088166256203,0.07981640378382436,0.07981640378382436,0.07981640378382436,-0.1613472854463864,-0.1613472854463864,-0.1613472854463864,0.0,0.0,0.0,0.6942916095977119
2024-01-18,0.775555375089041,-0.3976240780311531,1.6776958161241566,0.775555375089041,0.775555375089041,-0.13855445957371665,-0.13855445957371665,-0.13855445957371665,0.01861757549996855,0.01861757549996855,0.01861757549996855,-0.1571720350736852,-0.1571720350736852,-0.1571720350736852,0.0,0.0,0.0,0.6370009155153245
2024-01-19,0.7752882589178081,-0.4221259693480918,1.7117924220640954,0.7752882589178081,0.7752882589178081,-0.13339749494797015,-0.13339749494797015,-0.13339749494797015,0.018857691166826392,0.018857691166826392,0.018857691166826392,-0.15225518611479655,-0.15225518611479655,-0.15225518611479655,0.0,0.0,0.0,0.6418907639698379
2024-01-20,0.7750211427465753,-0.39093530478236466,1.711961422453697,0.7750211427465753,0.7750211427465753,-0.10853015158684821,-0.10853015158684821,-0.10853015158684821,0.038301554647356115,0.038301554647356115,0.038301554647356115,-0.14683170623420433,-0.14683170623420433,-0.14683170623420433,0.0,0.0,0.0,0.6664909911597271
2024-01-21,0.7747540265753423,-0.44907180829712995,1.6296566317683086,0.7747540265753423,0.7747540265753423,-0.18904394850151585,-0.18904394850151585,-0.18904394850151585,-0.04789596465651082,-0.04789596465651082,-0.04789596465651082,-0.14114798384500504,-0.14114798384500504,-0.14114798384500504,0.0,0.0,0.0,0.5857100780738265
2024-01-22,0.7744869104041096,-0.4834869086056081,1.7390603846695092,0.7744869104041096,0.7744869104041096,-0.0943481104103082,-0.0943481104103082,-0.0943481104103082,0.041105054394351144,0.041105054394351144,0.041105054394351144,-0.13545316480465935,-0.13545316480465935,-0.13545316480465935,0.0,0.0,0.0,0.6801387999938013
2024-01-23,0.7742197942328767,-0.6729630355868439,1.5728858944414412,0.7742197942328767,0.7742197942328767,-0.2787926646521782,-0.2787926646521782,-0.2787926646521782,-0.14880231483542727,-0.14880231483542727,-0.14880231483542727,-0.12999034981675095,-0.12999034981675095,-0.12999034981675095,0.0,0.0,0.0,0.49542712958069846
2024-01-24,0.7739526780616437,-0.40905364412018314,1.782555256577674,0.7739526780616437,0.7739526780616437,-0.045171520306494316,-0.045171520306494316,-0.045171520306494316,0.07981640378343782,0.07981640378343782,0.07981640378343782,-0.12498792408993212,-0.12498792408993212,-0.12498792408993212,0.0,0.0,0.0,0.7287811577551494
2024-01-25,0.7736855618354119,-0.3989109353488102,1.6432601949710048,0.7736855618354119,0.7736855618354119,-0.1020337129413551,-0.1020337129413551,-0.1020337129413551,0.01861757549954321,0.01861757549954321,0.01861757549954321,-0.12065128844089831,-0.12065128844089831,-0.12065128844089831,0.0,0.0,0.0,0.6716518488940568
2024-01-26,0.7734184456091798,-0.4147454920724221,1.757284881113116,0.7734184456091798,0.7734184456091798,-0.0982975596080122,-0.0982975596080122,-0.0982975596080122,0.018857691166654554,0.018857691166654554,0.018857691166654554,-0.11715525077466676,-0.11715525077466676,-0.11715525077466676,0.0,0.0,0.0,0.6751208860011676
2024-01-27,0.773151329382948,-0.35272329247727974,1.7696569069861245,0.773151329382948,0.773151329382948,-0.07633576434791588,-0.07633576434791588,-0.07633576434791588,0.038301554647498404,0.038301554647498404,0.038301554647498404,-0.1146373189954143,-0.1146373189954143,-0.1146373189954143,0.0,0.0,0.0,0.6968155650350321
2024-01-28,0.7728842131567161,-0.3975916062882941,1.646726723559669,0.7728842131567161,0.7728842131567161,-0.16108807603480632,-0.16108807603480632,-0.16108807603480632,-0.04789596465621759,-0.04789596465621759,-0.04789596465621759,-0.11319211137858874,-0.11319211137858874,-0.11319211137858874,0.0,0.0,0.0,0.6117961371219097
2024-01-29,0.7726170969304841,-0.36065478052214006,1.7994955937600214,0.7726170969304841,0.7726170969304841,-0.07176201456648158,-0.07176201456648158,-0.07176201456648158,0.041105054394617806,0.041105054394617806,0.041105054394617806,-0.11286706896109941,-0.11286706896109941,-0.11286706896109941,0.0,0.0,0.0,0.7008550823640025
2024-01-30,0.7723499807042522,-0.5355027886622106,1.5275240951831548,0.7723499807042522,0.7723499807042522,-0.26246193229187775,-0.26246193229187775,-0.26246193229187775,-0.14880231483548878,-0.14880231483548878,-0.14880231483548878,-0.11365961745638893,-0.11365961745638893,-0.11365961745638893,0.0,0.0,0.0,0.5098880484123745
2024-01-31,0.7720828644780203,-0.3101270124407629,1.7001844485963982,0.7720828644780203,0.7720828644780203,-0.035699480829967364,-0.035699480829967364,-0.035699480829967364,0.07981640378342292,0.07981640378342292,0.07981640378342292,-0.11551588461339027,-0.11551588461339027,-0.11551588461339027,0.0,0.0,0.0,0.736383383648053
2024-02-01,0.7718157482517883,-0.3857465225937733,1.6969967741698702,0.7718157482517883,0.7718157482517883,-0.0997134584811672,-0.0997134584811672,-0.0997134584811672,0.01861757550078401,0.01861757550078401,0.01861757550078401,-0.1183310339819512,-0.1183310339819512,-0.1183310339819512,0.0,0.0,0.0,0.6721022897706211
2024-02-02,0.7715486320255565,-0.33090619484259554,1.6672095663623208,0.7715486320255565,0.7715486320255565,-0.10309353782813453,-0.10309353782813453,-0.10309353782813453,0.018857691166482716,0.018857691166482716,0.018857691166482716,-0.12195122899461724,-0.12195122899461724,-0.12195122899461724,0.0,0.0,0.0,0.6684550941974219
2024-02-03,0.7712815157993246,-0.41666613683826964,1.6858647478311541,0.7712815157993246,0.7712815157993246,-0.08787563881113725,-0.08787563881113725,-0.08787563881113725,0.038301554647080585,0.038301554647080585,0.038301554647080585,-0.12617719345821785,-0.12617719345821785,-0.12617719345821785,0.0,0.0,0.0,0.6834058769881873
2024-02-04,0.7710143995730925,-0.5068523936833522,1.6695455046067977,0.7710143995730925,0.7710143995730925,-0.178665251988674,-0.178665251988674,-0.178665251988674,-0.047895964656240846,-0.047895964656240846,-0.047895964656240846,-0.13076928733243315,-0.13076928733243315,-0.13076928733243315,0.0,0.0,0.0,0.5923491475844185
2024-02-05,0.7707472833468607,-0.4263145775906954,1.6983587493638492,0.7707472833468607,0.7707472833468607,-0.094348917008599,-0.094348917008599,-0.094348917008599,0.04110505439444388,0.04110505439444388,0.04110505439444388,-0.13545397140304288,-0.13545397140304288,-0.13545397140304288,0.0,0.0,0.0,0.6763983663382617
2024-02-06,0.7704801671206287,-0.5671603820973615,1.5629117908568158,0.7704801671206287,0.7704801671206287,-0.2887338072738148,-0.2887338072738148,-0.2887338072738148,-0.1488023148354377,-0.1488023148354377,-0.1488023148354377,-0.13993149243837708,-0.13993149243837708,-0.13993149243837708,0.0,0.0,0.0,0.4817463598468139
2024-02-07,0.7702130508943967,-0.3697097475686745,1.7727025219690988,0.7702130508943967,0.7702130508943967,-0.0640681790749145,-0.0640681790749145,-0.0640681790749145,0.07981640378340803,0.07981640378340803,0.07981640378340803,-0.1438845828583225,-0.1438845828583225,-0.1438845828583225,0.0,0.0,0.0,0.7061448718194823
2024-02-08,0.7699459346681649,-0.4371433533677392,1.7013737312328232,0.7699459346681649,0.7699459346681649,-0.12837036144101627,-0.12837036144101627,-0.12837036144101627,0.01861757550035869,0.01861757550035869,0.01861757550035869,-0.14698793694137496,-0.14698793694137496,-0.14698793694137496,0.0,0.0,0.0,0.6415755732271486
2024-02-09,0.769678818441933,-0.4551960767154383,1.6901482088939632,0.769678818441933,0.769678818441933,-0.13006050892089185,-0.13006050892089185,-0.13006050892089185,0.018857691166492226,0.018857691166492226,0.018857691166492226,-0.1489182000873841,-0.1489182000873841,-0.1489182000873841,0.0,0.0,0.0,0.6396183095210412
2024-02-10,0.769411702215701,-0.3828773029513445,1.7258318771559005,0.769411702215701,0.769411702215701,-0.11106263475342085,-0.11106263475342085,-0.11106263475342085,0.03830155464666277,0.03830155464666277,0.03830155464666277,-0.1493641894000836,-0.1493641894000836,-0.1493641894000836,0.0,0.0,0.0,0.6583490674622802
2024-02-11,0.7691445859894691,-0.46922632108100915,1.7237267572413377,0.7691445859894691,0.7691445859894691,-0.1959330180759085,-0.1959330180759085,-0.1959330180759085,-0.047895964656346685,-0.047895964656346685,-0.047895964656346685,-0.1480370534195618,-0.1480370534195618,-0.1480370534195618,0.0,0.0,0.0,0.5732115679135606
2024-02-12,0.7688774697632372,-0.3659032791050913,1.7252986389954907,0.7688774697632372,0.7688774697632372,-0.10357502217102597,-0.10357502217102597,-0.10357502217102597,0.04110505439458793,0.04110505439458793,0.04110505439458793,-0.1446800765656139,-0.1446800765656139,-0.1446800765656139,0.0,0.0,0.0,0.6653024475922112
2024-02-13,0.7686103535370052,-0.5930126261596547,1.5669973660392869,0.7686103535370052,0.7686103535370052,-0.2878801546923588,-0.2878801546923588,-0.2878801546923588,-0.1488023148353866,-0.1488023148353866,-0.1488023148353866,-0.13907783985697214,-0.13907783985697214,-0.13907783985697214,0.0,0.0,0.0,0.48073019884464646
2024-02-14,0.7683432373107734,-0.36465164435119896,1.769264430269748,0.7683432373107734,0.7683432373107734,-0.05124805986584434,-0.05124805986584434,-0.05124805986584434,0.07981640378375501,0.07981640378375501,0.07981640378375501,-0.13106446364959934,-0.13106446364959934,-0.13106446364959934,0.0,0.0,0.0,0.717095177444929
2024-02-15,0.7680761210845415,-0.4089969846369145,1.8264975436905662,0.7680761210845415,0.7680761210845415,-0.10191310463194486,-0.10191310463194486,-0.10191310463194486,0.018617575500472824,0.018617575500472824,0.018617575500472824,-0.12053068013241769,-0.12053068013241769,-0.12053068013241769,0.0,0.0,0.0,0.6661630164525967
2024-02-16,0.7678090048583095,-0.3490820148726688,1.7728754017501316,0.7678090048583095,0.7678090048583095,-0.0885718214146508,-0.0885718214146508,-0.0885718214146508,0.018857691166930608,0.018857691166930608,0.018857691166930608,-0.1074295125815814,-0.1074295125815814,-0.1074295125815814,0.0,0.0,0.0,0.6792371834436587
2024-02-17,0.7675418886320775,-0.31493892511290955,1.8041065469354667,0.7675418886320775,0.7675418886320775,-0.05347881948083619,-0.05347881948083619,-0.05347881948083619,0.038301554646805056,0.038301554646805056,0.038301554646805056,-0.09178037412764126,-0.09178037412764126,-0.09178037412764126,0.0,0.0,0.0,0.7140630691512413
2024-02-18,0.7672747724001874,-0.4251017363964936,1.6798669790269245,0.7672747724001874,0.7672747724001874,-0.12156740475463018,-0.12156740475463018,-0.12156740475463018,-0.047895964656452523,-0.047895964656452523,-0.047895964656452523,-0.07367144009817765,-0.07367144009817765,-0.07367144009817765,0.0,0.0,0.0,0.6457073676455571
2024-02-19,0.7670076561682971,-0.3963535805610005,1.85837828754459,0.7670076561682971,0.7670076561682971,-0.012155139340688861,-0.012155139340688861,-0.012155139340688861,0.041105054394413996,0.041105054394413996,0.041105054394413996,-0.05326019373510286,-0.05326019373510286,-0.05326019373510286,0.0,0.0,0.0,0.7548525168276082
2024-02-20,0.766740539936407,-0.47813623718722587,1.6039445139617496,0.766740539936407,0.766740539936407,-0.17957440887375734,-0.17957440887375734,-0.17957440887375734,-0.1488023148354757,-0.1488023148354757,-0.1488023148354757,-0.03077209403828161,-0.03077209403828161,-0.03077209403828161,0.0,0.0,0.0,0.5871661310626497
2024-02-21,0.7664734237045168,-0.2329551941877288,1.9069694295068815,0.7664734237045168,0.7664734237045168,0.07331903847926162,0.07331903847926162,0.07331903847926162,0.07981640378410199,0.07981640378410199,0.07981640378410199,-0.006497365304840366,-0.006497365304840366,-0.006497365304840366,0.0,0.0,0.0,0.8397924621837783
2024-02-22,0.7662063074726266,-0.16283206317511198,1.9070555776027378,0.7662063074726266,0.7662063074726266,0.03783161624863811,0.03783161624863811,0.03783161624863811,0.018617575500047494,0.018617575500047494,0.018617575500047494,0.019214040748590615,0.019214040748590615,0.019214040748590615,0.0,0.0,0.0,0.8040379237212647
2024-02-23,0.7659391912407364,-0.20316828419581448,1.9591150973104965,0.7659391912407364,0.7659391912407364,0.06481690016277397,0.06481690016277397,0.06481690016277397,0.01885769116614855,0.01885769116614855,0.01885769116614855,0.04595920899662542,0.04595920899662542,0.04595920899662542,0.0,0.0,0.0,0.8307560914035104
2024-02-24,0.7656720750088463,-0.18700226350866198,1.9367066255994978,0.7656720750088463,0.7656720750088463,0.11159215630784523,0.11159215630784523,0.11159215630784523,0.038301554646947344,0.038301554646947344,0.038301554646947344,0.0732906016608979,0.0732906016608979,0.0732906016608979,0.0,0.0,0.0,0.8772642313166915
2024-02-25,0.765404958776956,-0.24167727076343284,1.923355962875266,0.765404958776956,0.765404958776956,0.05282981729059281,0.05282981729059281,0.05282981729059281,-0.047895964656475776,-0.047895964656475776,-0.047895964656475776,0.10072578194706859,0.10072578194706859,0.10072578194706859,0.0,0.0,0.0,0.8182347760675488
2024-02-26,0.7651378425450659,-0.15247036669258593,1.9465746444471006,0.7651378425450659,0.7651378425450659,0.16886334147240542,0.16886334147240542,0.16886334147240542,0.04110505439439905,0.04110505439439905,0.04110505439439905,0.12775828707800638,0.12775828707800638,0.12775828707800638,0.0,0.0,0.0,0.9340011840174713
2024-02-27,0.7648707263131755,-0.3496154538784154,1.7922515993529748,0.7648707263131755,0.7648707263131755,0.005067068741804407,0.005067068741804407,0.005067068741804407,-0.1488023148355372,-0.1488023148355372,-0.1488023148355372,0.15386938357734162,0.15386938357734162,0.15386938357734162,0.0,0.0,0.0,0.76993779505498
2024-02-28,0.7646036100812854,-0.04428049002953347,2.0184965803783643,0.7646036100812854,0.7646036100812854,0.2583568146881753,0.2583568146881753,0.2583568146881753,0.07981640378335354,0.07981640378335354,0.07981640378335354,0.17854041090482167,0.17854041090482167,0.17854041090482167,0.0,0.0,0.0,1.0229604247694608
2024-02-29,0.7643364938493952,-0.21032280389026717,2.1351588035553726,0.7643364938493952,0.7643364938493952,0.21988297595270123,0.21988297595270123,0.21988297595270123,0.01861757550016164,0.01861757550016164,0.01861757550016164,0.2012654004525396,0.2012654004525396,0.2012654004525396,0.0,0.0,0.0,0.9842194698020964
2024-03-01,0.764069377617505,-0.10535265751505797,2.0415810222043884,0.764069377617505,0.764069377617505,0.24042133720639805,0.24042133720639805,0.24042133720639805,0.018857691166586928,0.018857691166586928,0.018857691166586928,0.22156364603981113,0.22156364603981113,0.22156364603981113,0.0,0.0,0.0,1.004490714823903
2024-03-02,0.7638022613856148,-0.005732034108740603,2.0505458042008224,0.7638022613856148,0.7638022613856148,0.2772934543724088,0.2772934543724088,0.2772934543724088,0.0383015546470082,0.0383015546470082,0.0383015546470082,0.23899189972540064,0.23899189972540064,0.23899189972540064,0.0,0.0,0.0,1.0410957157580236
2024-03-03,0.7635351451537247,-0.13803090265714157,2.045533258396768,0.7635351451537247,0.7635351451537247,0.2052599084317813,0.2052599084317813,0.2052599084317813,-0.047895964656581594,-0.047895964656581594,-0.047895964656581594,0.2531558730883629,0.2531558730883629,0.2531558730883629,0.0,0.0,0.0,0.968795053585506
2024-03-04,0.7632680289218343,-0.03610212617450208,2.1742998143593244,0.7632680289218343,0.7632680289218343,0.3048257933752431,0.3048257933752431,0.3048257933752431,0.041105054394225155,0.041105054394225155,0.041105054394225155,0.263720738981018,0.263720738981018,0.263720738981018,0.0,0.0,0.0,1.0680938222970775
2024-03-05,0.7630009126899442,-0.17643929479583698,1.9610166069318673,0.7630009126899442,0.7630009126899442,0.12161803693882006,0.12161803693882006,0.12161803693882006,-0.14880231483537354,-0.14880231483537354,-0.14880231483537354,0.27042035177419366,0.27042035177419366,0.27042035177419366,0.0,0.0,0.0,0.8846189496287642
2024-03-06,0.762733796458054,0.09165682211359957,2.2100118504829633,0.762733796458054,0.762733796458054,0.35288133848953124,0.35288133848953124,0.35288133848953124,0.0798164037829768,0.0798164037829768,0.0798164037829768,0.2730649347065544,0.2730649347065544,0.2730649347065544,0.0,0.0,0.0,1.1156151349475851
2024-03-07,0.7624666802261638,0.042151531240219364,2.1028534843242896,0.7624666802261638,0.7624666802261638,0.29016459583252935,0.29016459583252935,0.29016459583252935,0.01861757550032351,0.01861757550032351,0.01861757550032351,0.2715470203322059,0.2715470203322059,0.2715470203322059,0.0,0.0,0.0,1.052631276058693
2024-03-08,0.7621995639942736,-0.009617237757951182,2.174553018684084,0.7621995639942736,0.7621995639942736,0.2847031644348898,0.2847031644348898,0.2847031644348898,0.01885769116641509,0.01885769116641509,0.01885769116641509,0.26584547326847474,0.26584547326847474,0.26584547326847474,0.0,0.0,0.0,1.0469027284291634
2024-03-09,0.7619324477623834,0.0028453485391789174,2.1014417720408556,0.7619324477623834,0.7619324477623834,0.29432902699263996,0.29432902699263996,0.29432902699263996,0.03830155464659038,0.03830155464659038,0.03830155464659038,0.25602747234604956,0.25602747234604956,0.25602747234604956,0.0,0.0,0.0,1.0562614747550234
2024-03-10,0.7616653315304932,-0.09084254885381392,1.9001518848348184,0.7616653315304932,0.7616653315304932,0.1943524159500484,0.1943524159500484,0.1943524159500484,-0.0478959646562884,-0.0478959646562884,-0.0478959646562884,0.24224838060633677,0.24224838060633677,0.24224838060633677,0.0,0.0,0.0,0.9560177474805416
2024-03-11,0.7613982152986031,0.03811081931999253,2.1451682666459773,0.7613982152986031,0.7613982152986031,0.2658545394249145,0.2658545394249145,0.2658545394249145,0.0411050543942102,0.0411050543942102,0.0411050543942102,0.22474948503070427,0.22474948503070427,0.22474948503070427,0.0,0.0,0.0,1.0272527547235175
2024-03-12,0.76113109902064,-0.2549574045677747,1.8806683767033658,0.76113109902064,0.76113109902064,0.055051327185019955,0.055051327185019955,0.055051327185019955,-0.14880231483543507,-0.14880231483543507,-0.14880231483543507,0.20385364202045503,0.20385364202045503,0.20385364202045503,0.0,0.0,0.0,0.81618242620566
2024-03-13,0.7608639827426771,-0.020224814735358906,2.0903652581449363,0.7608639827426771,0.7608639827426771,0.2597753218362514,0.2597753218362514,0.2597753218362514,0.07981640378332377,0.07981640378332377,0.07981640378332377,0.17995891805292763,0.17995891805292763,0.17995891805292763,0.0,0.0,0.0,1.0206393045789284
2024-03-14,0.7605968664647142,-0.09398654538908424,2.0041838595615924,0.7605968664647142,0.7605968664647142,0.17214794171901485,0.17214794171901485,0.17214794171901485,0.018617575500437633,0.018617575500437633,0.018617575500437633,0.1535303662185772,0.1535303662185772,0.1535303662185772,0.0,0.0,0.0,0.9327448081837291
2024-03-15,0.7603297501867512,-0.2291185734535554,1.9099308955032663,0.7603297501867512,0.7603297501867512,0.143947818321798,0.143947818321798,0.143947818321798,0.018857691166853464,0.018857691166853464,0.018857691166853464,0.12509012715494455,0.12509012715494455,0.12509012715494455,0.0,0.0,0.0,0.9042775685085492
2024-03-16,0.7600626339087881,-0.23092640241251022,2.0412908173396405,0.7600626339087881,0.7600626339087881,0.13350764062482748,0.13350764062482748,0.13350764062482748,0.038301554647292776,0.038301554647292776,0.038301554647292776,0.0952060859775347,0.0952060859775347,0.0952060859775347,0.0,0.0,0.0,0.8935702745336156
2024-03-17,0.7597955176308252,-0.2587120561380171,1.8663392629198838,0.7597955176308252,0.7597955176308252,0.01658338939345392,0.01658338939345392,0.01658338939345392,-0.04789596465679328,-0.04789596465679328,-0.04789596465679328,0.06447935405024721,0.06447935405024721,0.06447935405024721,0.0,0.0,0.0,0.7763789070242791
2024-03-18,0.7595284013528623,-0.17088849974533804,1.8288794109735975,0.7595284013528623,0.7595284013528623,0.07463592925888927,0.07463592925888927,0.07463592925888927,0.04110505439447686,0.04110505439447686,0.04110505439447686,0.03353087486441242,0.03353087486441242,0.03353087486441242,0.0,0.0,0.0,0.8341643306117515
2024-03-19,0.7592612850748993,-0.4118917073891194,1.661680563183023,0.7592612850748993,0.7592612850748993,-0.1458148387192203,-0.1458148387192203,-0.1458148387192203,-0.14880231483538398,-0.14880231483538398,-0.14880231483538398,0.002987476116163689,0.002987476116163689,0.002987476116163689,0.0,0.0,0.0,0.613446446355679
2024-03-20,0.7589941687969364,-0.18878823858076843,1.8846513959470974,0.7589941687969364,0.7589941687969364,0.053284108497685265,0.053284108497685265,0.053284108497685265,0.07981640378367075,0.07981640378367075,0.07981640378367075,-0.026532295285985486,-0.026532295285985486,-0.026532295285985486,0.0,0.0,0.0,0.8122782772946217
2024-03-21,0.7587270525189733,-0.34851101358004494,1.734318150308939,0.7587270525189733,0.7587270525189733,-0.03581463697573885,-0.03581463697573885,-0.03581463697573885,0.018617575500012307,0.018617575500012307,0.018617575500012307,-0.054432212475751154,-0.054432212475751154,-0.054432212475751154,0.0,0.0,0.0,0.7229124155432345
2024-03-22,0.7584599362410104,-0.3521458746906579,1.7874051248961167,0.7584599362410104,0.7584599362410104,-0.061294250784844934,-0.061294250784844934,-0.061294250784844934,0.01885769116668163,0.01885769116668163,0.01885769116668163,-0.08015194195152656,-0.08015194195152656,-0.08015194195152656,0.0,0.0,0.0,0.6971656854561654
2024-03-23,0.7581928199630473,-0.4350299349375803,1.774707813018899,0.7581928199630473,0.7581928199630473,-0.06487826736171412,-0.06487826736171412,-0.06487826736171412,0.03830155464679352,0.03830155464679352,0.03830155464679352,-0.10317982200850764,-0.10317982200850764,-0.10317982200850764,0.0,0.0,0.0,0.6933145526013332
2024-03-24,0.7579257036850845,-0.44341995569987197,1.702336558370775,0.7579257036850845,0.7579257036850845,-0.17096050150821213,-0.17096050150821213,-0.17096050150821213,-0.04789596465650006,-0.04789596465650006,-0.04789596465650006,-0.12306453685171206,-0.12306453685171206,-0.12306453685171206,0.0,0.0,0.0,0.5869652021768723
2024-03-25,0.7576585874071216,-0.33956746508488383,1.6895373898049058,0.7576585874071216,0.7576585874071216,-0.09832034988193059,-0.09832034988193059,-0.09832034988193059,0.041105054394461917,0.041105054394461917,0.041105054394461917,-0.1394254042763925,-0.1394254042763925,-0.1394254042763925,0.0,0.0,0.0,0.6593382375251909
2024-03-26,0.7573914711291585,-0.5303944448251431,1.518412501405833,0.7573914711291585,0.7573914711291585,-0.3007633439967943,-0.3007633439967943,-0.3007633439967943,-0.1488023148354455,-0.1488023148354455,-0.1488023148354455,-0.15196102916134874,-0.15196102916134874,-0.15196102916134874,0.0,0.0,0.0,0.4566281271323642
2024-03-27,0.7571243548511954,-0.4449494994092291,1.7470080783394686,0.7571243548511954,0.7571243548511954,-0.08063971173867882,-0.08063971173867882,-0.08063971173867882,0.07981640378365586,0.07981640378365586,0.07981640378365586,-0.16045611552233469,-0.16045611552233469,-0.16045611552233469,0.0,0.0,0.0,0.6764846431125167
2024-03-28,0.7568572385732325,-0.4318454322275251,1.6553730734823864,0.7568572385732325,0.7568572385732325,-0.1461686999557663,-0.1461686999557663,-0.1461686999557663,0.018617575500665916,0.018617575500665916,0.018617575500665916,-0.16478627545643224,-0.16478627545643224,-0.16478627545643224,0.0,0.0,0.0,0.6106885386174662
2024-03-29,0.7565901222952696,-0.49512508213475787,1.6557018713443659,0.7565901222952696,0.7565901222952696,-0.14606303161175066,-0.14606303161175066,-0.14606303161175066,0.01885769116669114,0.01885769116669114,0.01885769116669114,-0.16492072277844183,-0.16492072277844183,-0.16492072277844183,0.0,0.0,0.0,0.610527090683519
2024-03-30,0.7563230060173066,-0.3933716056182056,1.67083567268535,0.7563230060173066,0.7563230060173066,-0.12262123658150711,-0.12262123658150711,-0.12262123658150711,0.03830155464749592,0.03830155464749592,0.03830155464749592,-0.16092279122900302,-0.16092279122900302,-0.16092279122900302,0.0,0.0,0.0,0.6337017694357995
2024-03-31,0.7560558897393437,-0.4908240068721343,1.6597633045148863,0.7560558897393437,0.7560558897393437,-0.20084423513363314,-0.20084423513363314,-0.20084423513363314,-0.047895964656206824,-0.047895964656206824,-0.047895964656206824,-0.1529482704774263,-0.1529482704774263,-0.1529482704774263,0.0,0.0,0.0,0.5552116546057105
2024-04-01,0.7557887734613806,-0.4638030071746976,1.7585533200085808,0.7557887734613806,0.7557887734613806,-0.1001365519870524,-0.1001365519870524,-0.1001365519870524,0.04110505439428801,0.04110505439428801,0.04110505439428801,-0.1412416063813404,-0.1412416063813404,-0.1412416063813404,0.0,0.0,0.0,0.6556522214743282
2024-04-02,0.7555216571834177,-0.587860178255392,1.5488120939945609,0.7555216571834177,0.7555216571834177,-0.2749323785847651,-0.2749323785847651,-0.2749323785847651,-0.14880231483542197,-0.14880231483542197,-0.14880231483542197,-0.12613006374934313,-0.12613006374934313,-0.12613006374934313,0.0,0.0,0.0,0.4805892785986526
2024-04-03,0.7552545409054546,-0.3168749799519015,1.762252065904945,0.7552545409054546,0.7552545409054546,-0.02819959509078193,-0.02819959509078193,-0.02819959509078193,0.07981640378363117,0.07981640378363117,0.07981640378363117,-0.1080159988744131,-0.1080159988744131,-0.1080159988744131,0.0,0.0,0.0,0.7270549458146727
2024-04-04,0.7549874246351216,-0.4037639385702076,1.742883101554502,0.7549874246351216,0.7549874246351216,-0.06874985864098596,-0.06874985864098596,-0.06874985864098596,0.01861757550024059,0.01861757550024059,0.01861757550024059,-0.08736743414122655,-0.08736743414122655,-0.08736743414122655,0.0,0.0,0.0,0.6862375659941357
2024-04-05,0.7547203083647884,-0.3668298770298576,1.8499623898749775,0.7547203083647884,0.7547203083647884,-0.04584947578247158,-0.04584947578247158,-0.04584947578247158,0.0188576911665193,0.0188576911665193,0.0188576911665193,-0.06470716694899088,-0.06470716694899088,-0.06470716694899088,0.0,0.0,0.0,0.7088708325823169
2024-04-06,0.7544531920944553,-0.33437530746308675,1.8299369447391274,0.7544531920944553,0.7544531920944553,-0.0022991244171491907,-0.0022991244171491907,-0.0022991244171491907,0.0383015546470781,0.0383015546470781,0.0383015546470781,-0.04060067906422729,-0.04060067906422729,-0.04060067906422729,0.0,0.0,0.0,0.7521540676773061
2024-04-07,0.7541860758241221,-0.39172540373309467,1.7671384175133482,0.7541860758241221,0.7541860758241221,-0.06353910417898793,-0.06353910417898793,-0.06353910417898793,-0.04789596465631267,-0.04789596465631267,-0.04789596465631267,-0.015643139522675268,-0.015643139522675268,-0.015643139522675268,0.0,0.0,0.0,0.6906469716451342
2024-04-08,0.753918959553789,-0.23374110635656792,1.8464290347944883,0.753918959553789,0.753918959553789,0.050659240678488454,0.050659240678488454,0.050659240678488454,0.04110505439443203,0.04110505439443203,0.04110505439443203,0.009554186284056429,0.009554186284056429,0.009554186284056429,0.0,0.0,0.0,0.8045782002322774
2024-04-09,0.7536518432834559,-0.4250294666496109,1.5697067324159983,0.7536518432834559,0.7536518432834559,-0.11442451774520054,-0.11442451774520054,-0.11442451774520054,-0.1488023148353709,-0.1488023148353709,-0.1488023148353709,0.03437779709017034,0.03437779709017034,0.03437779709017034,0.0,0.0,0.0,0.6392273255382553
2024-04-10,0.7533847270131228,-0.16321108936800854,2.0061523971640405,0.7533847270131228,0.7533847270131228,0.1380421618498227,0.1380421618498227,0.1380421618498227,0.0798164037832544,0.0798164037832544,0.0798164037832544,0.058225758066568295,0.058225758066568295,0.058225758066568295,0.0,0.0,0.0,0.8914268888629455
2024-04-11,0.7531176107427896,-0.2537681737990844,1.9174718820734866,0.7531176107427896,0.7531176107427896,0.09913869734054775,0.09913869734054775,0.09913869734054775,0.01861757549981526,0.01861757549981526,0.01861757549981526,0.0805211218407325,0.0805211218407325,0.0805211218407325,0.0,0.0,0.0,0.8522563080833374
2024-04-12,0.7528504944724566,-0.15925986862137081,1.9762128953541234,0.7528504944724566,0.7528504944724566,0.11958234880564182,0.11958234880564182,0.11958234880564182,0.018857691166347466,0.018857691166347466,0.018857691166347466,0.10072465763929436,0.10072465763929436,0.10072465763929436,0.0,0.0,0.0,0.8724328432780983
2024-04-13,0.7525833782021234,-0.13541313768542895,1.992420172338063,0.7525833782021234,0.7525833782021234,0.1566481526384731,0.1566481526384731,0.1566481526384731,0.0383015546472204,0.0383015546472204,0.0383015546472204,0.11834659799125272,0.11834659799125272,0.11834659799125272,0.0,0.0,0.0,0.9092315308405965
2024-04-14,0.7523162619317902,-0.2755756379289904,1.9231853492450235,0.7523162619317902,0.7523162619317902,0.08506117470056285,0.08506117470056285,0.08506117470056285,-0.04789596465593687,-0.04789596465593687,-0.04789596465593687,0.13295713935649972,0.13295713935649972,0.13295713935649972,0.0,0.0,0.0,0.8373774366323531
2024-04-15,0.7520491456614571,-0.20755994664078875,1.9147870655927537,0.7520491456614571,0.7520491456614571,0.18530052050025644,0.18530052050025644,0.18530052050025644,0.041105054394258114,0.041105054394258114,0.041105054394258114,0.14419546610599834,0.14419546610599834,0.14419546610599834,0.0,0.0,0.0,0.9373496661617136
2024-04-16,0.7517820293911239,-0.34379381871609554,1.7956990945520543,0.7517820293911239,0.7517820293911239,0.002974790720653344,0.002974790720653344,0.002974790720653344,-0.14880231483531983,-0.14880231483531983,-0.14880231483531983,0.15177710555597315,0.15177710555597315,0.15177710555597315,0.0,0.0,0.0,0.7547568201117772
2024-04-17,0.7515149131207909,-0.1713112877869507,1.9919490057180436,0.7515149131207909,0.7515149131207909,0.23531586800772444,0.23531586800772444,0.23531586800772444,0.0798164037836014,0.0798164037836014,0.0798164037836014,0.15549946422412306,0.15549946422412306,0.15549946422412306,0.0,0.0,0.0,0.9868307811285153
2024-04-18,0.7512477968504577,-0.21591594669746053,1.9899548798927889,0.7512477968504577,0.7512477968504577,0.17386301649570376,0.17386301649570376,0.17386301649570376,0.018617575499929394,0.018617575499929394,0.018617575499929394,0.15524544099577436,0.15524544099577436,0.15524544099577436,0.0,0.0,0.0,0.9251108133461615
2024-04-19,0.7509806805801246,-0.11020188736330103,1.9544589405846202,0.7509806805801246,0.7509806805801246,0.16984275144489527,0.16984275144489527,0.16984275144489527,0.01885769116635697,0.01885769116635697,0.01885769116635697,0.15098506027853834,0.15098506027853834,0.15098506027853834,0.0,0.0,0.0,0.9208234320250198
2024-04-20,0.7507135643097915,-0.14205201060338535,1.9852345457895093,0.7507135643097915,0.7507135643097915,0.18107667091493912,0.18107667091493912,0.18107667091493912,0.03830155464736267,0.03830155464736267,0.03830155464736267,0.1427751162675764,0.1427751162675764,0.1427751162675764,0.0,0.0,0.0,0.9317902352247307
2024-04-21,0.7504464480394584,-0.14280082068197078,1.881969893975661,0.7504464480394584,0.7504464480394584,0.08286090226710306,0.08286090226710306,0.08286090226710306,-0.04789596465644176,-0.04789596465644176,-0.04789596465644176,0.13075686692354482,0.13075686692354482,0.13075686692354482,0.0,0.0,0.0,0.8333073503065614
2024-04-22,0.7501793317691252,-0.1673380067918143,1.9578827250713104,0.7501793317691252,0.7501793317691252,0.15625691639914782,0.15625691639914782,0.15625691639914782,0.0411050543940842,0.0411050543940842,0.0411050543940842,0.11515186200506361,0.11515186200506361,0.11515186200506361,0.0,0.0,0.0,0.9064362481682731
2024-04-23,0.7499122154987921,-0.3886027666024144,1.6910096603306985,0.7499122154987921,0.7499122154987921,-0.052546282453367094,-0.052546282453367094,-0.052546282453367094,-0.14880231483538134,-0.14880231483538134,-0.14880231483538134,0.09625603238201424,0.09625603238201424,0.09625603238201424,0.0,0.0,0.0,0.6973659330454249
2024-04-24,0.7496450992284589,-0.1950743845507252,1.9770186507244145,0.7496450992284589,0.7496450992284589,0.1542486106455212,0.1542486106455212,0.1542486106455212,0.0798164037835865,0.0798164037835865,0.0798164037835865,0.07443220686193469,0.07443220686193469,0.07443220686193469,0.0,0.0,0.0,0.9038937098739801
2024-04-25,0.7493779829581259,-0.2368370841601198,1.851530721317276,0.7493779829581259,0.7493779829581259,0.0687188324902315,0.0687188324902315,0.0687188324902315,0.0186175754995518,0.0186175754995518,0.0186175754995518,0.050101256990679716,0.050101256990679716,0.050101256990679716,0.0,0.0,0.0,0.8180968154483573
2024-04-26,0.7491108666877927,-0.29416966836408354,1.8966300842329757,0.7491108666877927,0.7491108666877927,0.04258979013816871,0.04258979013816871,0.04258979013816871,0.01885769116679535,0.01885769116679535,0.01885769116679535,0.02373209897137336,0.02373209897137336,0.02373209897137336,0.0,0.0,0.0,0.7917006568259614
2024-04-27,0.7488437504174595,-0.31134390704320747,1.7655312194684216,0.7488437504174595,0.7488437504174595,0.03413235902968188,0.03413235902968188,0.03413235902968188,0.03830155464750496,0.03830155464750496,0.03830155464750496,-0.004169195617823077,-0.004169195617823077,-0.004169195617823077,0.0,0.0,0.0,0.7829761094471415
2024-04-28,0.7485766340499909,-0.36773704187550293,1.74391872293864,0.7485766340499909,0.7485766340499909,-0.08096687733322222,-0.08096687733322222,-0.08096687733322222,-0.04789596465614854,-0.04789596465614854,-0.04789596465614854,-0.033070912677073676,-0.033070912677073676,-0.033070912677073676,0.0,0.0,0.0,0.6676097567167687
2024-04-29,0.7483095176825219,-0.353166820083468,1.784758128621163,0.7483095176825219,0.7483095176825219,-0.021322500880540697,-0.021322500880540697,-0.021322500880540697,0.041105054394509837,0.041105054394509837,0.041105054394509837,-0.06242755527505053,-0.06242755527505053,-0.06242755527505053,0.0,0.0,0.0,0.7269870168019812
2024-04-30,0.7480424013150532,-0.6124688669652322,1.577343055943515,0.7480424013150532,0.7480424013150532,-0.240494086093698,-0.240494086093698,-0.240494086093698,-0.1488023148354704,-0.1488023148354704,-0.1488023148354704,-0.09169177125822756,-0.09169177125822756,-0.09169177125822756,0.0,0.0,0.0,0.5075483152213551
2024-05-01,0.7477752849475843,-0.3876260871919953,1.7234742247339485,0.7477752849475843,0.7477752849475843,-0.04050967071482086,-0.04050967071482086,-0.04050967071482086,0.0798164037835716,0.0798164037835716,0.0798164037835716,-0.12032607449839247,-0.12032607449839247,-0.12032607449839247,0.0,0.0,0.0,0.7072656142327635
2024-05-02,0.7475081685801155,-0.43956788205775565,1.6709083749544815,0.7475081685801155,0.7475081685801155,-0.1291965211835665,-0.1291965211835665,-0.1291965211835665,0.0186175755002054,0.0186175755002054,0.0186175755002054,-0.14781409668377188,-0.14781409668377188,-0.14781409668377188,0.0,0.0,0.0,0.618311647396549
2024-05-03,0.7472410522126466,-0.49339631193034217,1.7032834546332234,0.7472410522126466,0.7472410522126466,-0.15481343268847006,-0.15481343268847006,-0.15481343268847006,0.018857691166013303,0.018857691166013303,0.018857691166013303,-0.17367112385448336,-0.17367112385448336,-0.17367112385448336,0.0,0.0,0.0,0.5924276195241766
2024-05-04,0.7469739358451778,-0.4726114685334923,1.7512565464857865,0.7469739358451778,0.7469739358451778,-0.15915214006342288,-0.15915214006342288,-0.15915214006342288,0.03830155464708715,0.03830155464708715,0.03830155464708715,-0.19745369471051002,-0.19745369471051002,-0.19745369471051002,0.0,0.0,0.0,0.5878217957817549
2024-05-05,0.7467068194777089,-0.530857757898032,1.5536761149892861,0.7467068194777089,0.7467068194777089,-0.26666403002142147,-0.26666403002142147,-0.26666403002142147,-0.047895964656254376,-0.047895964656254376,-0.047895964656254376,-0.21876806536516713,-0.21876806536516713,-0.21876806536516713,0.0,0.0,0.0,0.4800427894562874
2024-05-06,0.7464397031102401,-0.4693596153979597,1.6357985217149897,0.7464397031102401,0.7464397031102401,-0.19617232248025124,-0.19617232248025124,-0.19617232248025124,0.04110505439433591,0.04110505439433591,0.04110505439433591,-0.23727737687458714,-0.23727737687458714,-0.23727737687458714,0.0,0.0,0.0,0.5502673806299889
2024-05-07,0.7461725867427713,-0.7186323469963246,1.3848275464275255,0.7461725867427713,0.7461725867427713,-0.40150971146738096,-0.40150971146738096,-0.40150971146738096,-0.1488023148355319,-0.1488023148355319,-0.1488023148355319,-0.25270739663184905,-0.25270739663184905,-0.25270739663184905,0.0,0.0,0.0,0.34466287527539036
2024-05-08,0.7459054703753025,-0.5309006099305222,1.565166735412601,0.7459054703753025,0.7459054703753025,-0.18503433785308937,-0.18503433785308937,-0.18503433785308937,0.07981640378355671,0.07981640378355671,0.07981640378355671,-0.26485074163664607,-0.26485074163664607,-0.26485074163664607,0.0,0.0,0.0,0.5608711325222131
2024-05-09,0.7456383540078336,-0.6229458964868149,1.4706677540693303,0.7456383540078336,0.7456383540078336,-0.254951954245552,-0.254951954245552,-0.254951954245552,0.01861757549978008,0.01861757549978008,0.01861757549978008,-0.2735695297453321,-0.2735695297453321,-0.2735695297453321,0.0,0.0,0.0,0.4906863997622816
2024-05-10,0.7453712376403648,-0.5603649567430425,1.5791180925221953,0.7453712376403648,0.7453712376403648,-0.2599387521249509,-0.2599387521249509,-0.2599387521249509,0.018857691166451678,0.018857691166451678,0.018857691166451678,-0.2787964432914026,-0.2787964432914026,-0.2787964432914026,0.0,0.0,0.0,0.48543248551541396
2024-05-11,0.7451041212728959,-0.6281683278606432,1.5869771945304725,0.7451041212728959,0.7451041212728959,-0.2422326723340802,-0.2422326723340802,-0.2422326723340802,0.038301554647148,0.038301554647148,0.038301554647148,-0.2805342269812282,-0.2805342269812282,-0.2805342269812282,0.0,0.0,0.0,0.5028714489388157
2024-05-12,0.7448370049054271,-0.7281404459417645,1.3980518336083625,0.7448370049054271,0.7448370049054271,-0.32674964245883065,-0.32674964245883065,-0.32674964245883065,-0.04789596465636022,-0.04789596465636022,-0.04789596465636022,-0.27885367780247045,-0.27885367780247045,-0.27885367780247045,0.0,0.0,0.0,0.4180873624465965
2024-05-13,0.7445698885379582,-0.5995453124829131,1.576825402092681,0.7445698885379582,0.7445698885379582,-0.23278516359618395,-0.23278516359618395,-0.23278516359618395,0.04110505439447995,0.04110505439447995,0.04110505439447995,-0.27389021799066393,-0.27389021799066393,-0.27389021799066393,0.0,0.0,0.0,0.5117847249417743
2024-05-14,0.7443027721704896,-0.7439376263205226,1.4173596265428048,0.7443027721704896,0.7443027721704896,-0.414641486968321,-0.414641486968321,-0.414641486968321,-0.14880231483536827,-0.14880231483536827,-0.14880231483536827,-0.2658391721329527,-0.2658391721329527,-0.2658391721329527,0.0,0.0,0.0,0.3296612852021686
2024-05-15,0.7440356558030206,-0.4786444044879227,1.6520462590981397,0.7440356558030206,0.7440356558030206,-0.1751334918226001,-0.1751334918226001,-0.1751334918226001,0.0798164037839037,0.0798164037839037,0.0798164037839037,-0.2549498956065038,-0.2549498956065038,-0.2549498956065038,0.0,0.0,0.0,0.5689021639804205
2024-05-16,0.7437685394355519,-0.5797125565002301,1.5562834131210663,0.7437685394355519,0.7437685394355519,-0.22290134773118128,-0.22290134773118128,-0.22290134773118128,0.01861757550048141,0.01861757550048141,0.01861757550048141,-0.24151892323166269,-0.24151892323166269,-0.24151892323166269,0.0,0.0,0.0,0.5208671917043706
2024-05-17,0.743501423068083,-0.4692924197512271,1.6341731292826276,0.743501423068083,0.743501423068083,-0.2070246327141264,-0.2070246327141264,-0.2070246327141264,0.01885769116689006,0.01885769116689006,0.01885769116689006,-0.22588232388101645,-0.22588232388101645,-0.22588232388101645,0.0,0.0,0.0,0.5364767903539566
2024-05-18,0.7432343067006142,-0.46221374679201094,1.6236188243937868,0.7432343067006142,0.7432343067006142,-0.17010590392933608,-0.17010590392933608,-0.17010590392933608,0.038301554646730185,0.038301554646730185,0.038301554646730185,-0.20840745857606624,-0.20840745857606624,-0.20840745857606624,0.0,0.0,0.0,0.5731284027712781
2024-05-19,0.7429671903331453,-0.5341978443804893,1.5477860750243893,0.7429671903331453,0.7429671903331453,-0.2373803108701089,-0.2373803108701089,-0.2373803108701089,-0.04789596465646605,-0.04789596465646605,-0.04789596465646605,-0.18948434621364285,-0.18948434621364285,-0.18948434621364285,0.0,0.0,0.0,0.5055868794630364
2024-05-20,0.7427000739656765,-0.4839301430255167,1.669267450100136,0.7427000739656765,0.7427000739656765,-0.1284117881309477,-0.1284117881309477,-0.1284117881309477,0.04110505439430603,0.04110505439430603,0.04110505439430603,-0.16951684252525373,-0.16951684252525373,-0.16951684252525373,0.0,0.0,0.0,0.6142882858347288
2024-05-21,0.7424329576309708,-0.5747877675296463,1.4823092262235367,0.7424329576309708,0.7424329576309708,-0.29771614918361194,-0.29771614918361194,-0.29771614918361194,-0.14880231483542977,-0.14880231483542977,-0.14880231483542977,-0.14891383434818217,-0.14891383434818217,-0.14891383434818217,0.0,0.0,0.0,0.4447168084473589
2024-05-22,0.7421658412962652,-0.42108600823306613,1.7488731590307307,0.7421658412962652,0.7421658412962652,-0.048264239276253215,-0.048264239276253215,-0.048264239276253215,0.07981640378351715,0.07981640378351715,0.07981640378351715,-0.12808064305977035,-0.12808064305977035,-0.12808064305977035,0.0,0.0,0.0,0.6939016020200119
2024-05-23,0.7418987249615596,-0.3941614743187833,1.6853488530970582,0.7418987249615596,0.7418987249615596,-0.08879324299689839,-0.08879324299689839,-0.08879324299689839,0.018617575500056074,0.018617575500056074,0.018617575500056074,-0.10741081849695447,-0.10741081849695447,-0.10741081849695447,0.0,0.0,0.0,0.6531054819646612
2024-05-24,0.741631608626854,-0.37115316799713205,1.746842858559125,0.741631608626854,0.741631608626854,-0.0684207971780865,-0.0684207971780865,-0.0684207971780865,0.018857691166108,0.018857691166108,0.018857691166108,-0.0872784883441945,-0.0872784883441945,-0.0872784883441945,0.0,0.0,0.0,0.6732108114487675
2024-05-25,0.7413644922921483,-0.3217650807557598,1.7803004015943755,0.7413644922921483,0.7413644922921483,-0.029729853749432725,-0.029729853749432725,-0.029729853749432725,0.03830155464743258,0.03830155464743258,0.03830155464743258,-0.0680314083968653,-0.0680314083968653,-0.0680314083968653,0.0,0.0,0.0,0.7116346385427156
2024-05-26,0.7410973759574428,-0.4368026351096848,1.7362301063080876,0.7410973759574428,0.7410973759574428,-0.09788080158210036,-0.09788080158210036,-0.09788080158210036,-0.04789596465648929,-0.04789596465648929,-0.04789596465648929,-0.04998483692561107,-0.04998483692561107,-0.04998483692561107,0.0,0.0,0.0,0.6432165743753425
2024-05-27,0.7408302596227372,-0.3447842125468768,1.7592881811519305,0.7408302596227372,0.7408302596227372,0.007688722135011979,0.007688722135011979,0.007688722135011979,0.041105054394572696,0.041105054394572696,0.041105054394572696,-0.03341633225956071,-0.03341633225956071,-0.03341633225956071,0.0,0.0,0.0,0.7485189817577491
2024-05-28,0.7405631432880315,-0.46747591744230677,1.6551374230706666,0.7405631432880315,0.7405631432880315,-0.1673638621946369,-0.1673638621946369,-0.1673638621946369,-0.14880231483549128,-0.14880231483549128,-0.14880231483549128,-0.018561547359145624,-0.018561547359145624,-0.018561547359145624,0.0,0.0,0.0,0.5731992810933946
2024-05-29,0.7402960269533259,-0.2518659715814779,1.895700373441928,0.7402960269533259,0.7402960269533259,0.0742053345212624,0.0742053345212624,0.0742053345212624,0.0798164037838641,0.0798164037838641,0.0798164037838641,-0.005611069262601706,-0.005611069262601706,-0.005611069262601706,0.0,0.0,0.0,0.8145013614745883
2024-05-30,0.7400289106186203,-0.29820401442902394,1.792715526253645,0.7400289106186203,0.7400289106186203,0.023909249960808496,0.023909249960808496,0.023909249960808496,0.018617575500170208,0.018617575500170208,0.018617575500170208,0.005291674460638288,0.005291674460638288,0.005291674460638288,0.0,0.0,0.0,0.7639381605794288
2024-05-31,0.7397617942839146,-0.3695362618336167,1.7597364052364752,0.7397617942839146,0.7397617942839146,0.032909136261118146,0.032909136261118146,0.032909136261118146,0.01885769116654639,0.01885769116654639,0.01885769116654639,0.014051445094571758,0.014051445094571758,0.014051445094571758,0.0,0.0,0.0,0.7726709305450328
2024-06-01,0.739494677949209,-0.2566978825043088,1.851797508596373,0.739494677949209,0.739494677949209,0.05892273910762094,0.05892273910762094,0.05892273910762094,0.03830155464701476,0.03830155464701476,0.03830155464701476,0.02062118446060618,0.02062118446060618,0.02062118446060618,0.0,0.0,0.0,0.7984174170568299
2024-06-02,0.7392275616145034,-0.330591535741134,1.7502259228418018,0.7392275616145034,0.7392275616145034,-0.022894947559168547,-0.022894947559168547,-0.022894947559168547,-0.047895964656595146,-0.047895964656595146,-0.047895964656595146,0.0250010170974266,0.0250010170974266,0.0250010170974266,0.0,0.0,0.0,0.7163326140553349
2024-06-03,0.7389604452797978,-0.2585114927156682,1.8791291753771935,0.7389604452797978,0.7389604452797978,0.06834138494198336,0.06834138494198336,0.06834138494198336,0.04110505439439879,0.04110505439439879,0.04110505439439879,0.02723633054758457,0.02723633054758457,0.02723633054758457,0.0,0.0,0.0,0.8073018302217811
2024-06-04,0.7386933289450921,-0.42106255227467865,1.7397854576318688,0.7386933289450921,0.7386933289450921,-0.12138729673999148,-0.12138729673999148,-0.12138729673999148,-0.1488023148353276,-0.1488023148353276,-0.1488023148353276,0.027415018095336138,0.027415018095336138,0.027415018095336138,0.0,0.0,0.0,0.6173060322051006
2024-06-05,0.7384262126103867,-0.24640717210369756,1.8775729936641015,0.7384262126103867,0.7384262126103867,0.10548038587790956,0.10548038587790956,0.10548038587790956,0.07981640378348737,0.07981640378348737,0.07981640378348737,0.0256639820944222,0.0256639820944222,0.0256639820944222,0.0,0.0,0.0,0.8439065984882962
2024-06-06,0.738159096275681,-0.30325169035115823,1.8266561109205572,0.738159096275681,0.738159096275681,0.04076258221077937,0.04076258221077937,0.04076258221077937,0.018617575500284353,0.018617575500284353,0.018617575500284353,0.022145006710495026,0.022145006710495026,0.022145006710495026,0.0,0.0,0.0,0.7789216784864603
2024-06-07,0.7378919799409753,-0.2481381967728788,1.7477982494408135,0.7378919799409753,0.7378919799409753,0.03590780756923552,0.03590780756923552,0.03590780756923552,0.018857691166555897,0.018857691166555897,0.018857691166555897,0.017050116402679626,0.017050116402679626,0.017050116402679626,0.0,0.0,0.0,0.7737997875102108
2024-06-08,0.7376248636062697,-0.17619029198270877,1.8368513684711028,0.7376248636062697,0.7376248636062697,0.04889809545395696,0.04889809545395696,0.04889809545395696,0.038301554646596944,0.038301554646596944,0.038301554646596944,0.010596540807360007,0.010596540807360007,0.010596540807360007,0.0,0.0,0.0,0.7865229590602266
2024-06-09,0.7373577472715641,-0.4153175714761101,1.7226347497307986,0.7373577472715641,0.7373577472715641,-0.04487455669427383,-0.04487455669427383,-0.04487455669427383,-0.04789596465630191,-0.04789596465630191,-0.04789596465630191,0.0030214079620280833,0.0030214079620280833,0.0030214079620280833,0.0,0.0,0.0,0.6924831905772902
2024-06-10,0.7370906309368584,-0.28882916458084973,1.8049994898639607,0.7370906309368584,0.7370906309368584,0.03568134059667733,0.03568134059667733,0.03568134059667733,0.04110505439438383,0.04110505439438383,0.04110505439438383,-0.005423713797706501,-0.005423713797706501,-0.005423713797706501,0.0,0.0,0.0,0.7727719715335358
2024-06-11,0.7368235146021528,-0.5066369825367998,1.6333676181453212,0.7368235146021528,0.7368235146021528,-0.16328062400557689,-0.16328062400557689,-0.16328062400557689,-0.14880231483538914,-0.14880231483538914,-0.14880231483538914,-0.014478309170187754,-0.014478309170187754,-0.014478309170187754,0.0,0.0,0.0,0.5735428905965759
2024-06-12,0.7365563982674472,-0.2444006597946919,1.8066773110138024,0.7365563982674472,0.7365563982674472,0.055938068866909774,0.055938068866909774,0.055938068866909774,0.07981640378310081,0.07981640378310081,0.07981640378310081,-0.023878334916191027,-0.023878334916191027,-0.023878334916191027,0.0,0.0,0.0,0.792494467134357
2024-06-13,0.7362892820140858,-0.4389754570543518,1.7727865806973309,0.7362892820140858,0.7362892820140858,-0.014743888090959209,-0.014743888090959209,-0.014743888090959209,0.01861757550039849,0.01861757550039849,0.01861757550039849,-0.0333614635913577,-0.0333614635913577,-0.0333614635913577,0.0,0.0,0.0,0.7215453939231267
2024-06-14,0.7360221657607245,-0.2597586710814258,1.7753454137354208,0.7360221657607245,0.7360221657607245,-0.023814369970811336,-0.023814369970811336,-0.023814369970811336,0.01885769116699427,0.01885769116699427,0.01885769116699427,-0.042672061137805604,-0.042672061137805604,-0.042672061137805604,0.0,0.0,0.0,0.7122077957899132
2024-06-15,0.735755049507363,-0.35836946616012627,1.7640408356811406,0.735755049507363,0.735755049507363,-0.013264264196786368,-0.013264264196786368,-0.013264264196786368,0.03830155464729934,0.03830155464729934,0.03830155464729934,-0.05156581884408571,-0.05156581884408571,-0.05156581884408571,0.0,0.0,0.0,0.7224907853105766
2024-06-16,0.7354879332540019,-0.4398128194729923,1.6906222724449984,0.7354879332540019,0.7354879332540019,-0.10770993700785045,-0.10770993700785045,-0.10770993700785045,-0.047895964656806816,-0.047895964656806816,-0.047895964656806816,-0.05981397235104363,-0.05981397235104363,-0.05981397235104363,0.0,0.0,0.0,0.6277779962461514
2024-06-17,0.7352208170006403,-0.28963965492084137,1.7332080444724864,0.7352208170006403,0.7352208170006403,-0.026101998587937016,-0.026101998587937016,-0.026101998587937016,0.04110505439436889,0.04110505439436889,0.04110505439436889,-0.06720705298230589,-0.06720705298230589,-0.06720705298230589,0.0,0.0,0.0,0.7091188184127033
2024-06-18,0.734953700747279,-0.5531265203375496,1.5774679737669575,0.734953700747279,0.734953700747279,-0.222360444176184,-0.222360444176184,-0.222360444176184,-0.1488023148354782,-0.1488023148354782,-0.1488023148354782,-0.07355812934070582,-0.07355812934070582,-0.07355812934070582,0.0,0.0,0.0,0.5125932565710949
2024-06-19,0.7346865844939177,-0.334755670848952,1.7991989916547728,0.7346865844939177,0.7346865844939177,0.0011108942665700398,0.0011108942665700398,0.0011108942665700398,0.07981640378308591,0.07981640378308591,0.07981640378308591,-0.07870550951651588,-0.07870550951651588,-0.07870550951651588,0.0,0.0,0.0,0.7357974787604877
2024-06-20,0.7344194682405563,-0.40983072688069316,1.7312287438421858,0.7344194682405563,0.7344194682405563,-0.06389731060120454,-0.06389731060120454,-0.06389731060120454,0.018617575499973164,0.018617575499973164,0.018617575499973164,-0.0825148861011777,-0.0825148861011777,-0.0825148861011777,0.0,0.0,0.0,0.6705221576393517
2024-06-21,0.734152351987195,-0.3596307107662152,1.72448156411766,0.734152351987195,0.734152351987195,-0.06602322608741745,-0.06602322608741745,-0.06602322608741745,0.01885769116682243,0.01885769116682243,0.01885769116682243,-0.08488091725423988,-0.08488091725423988,-0.08488091725423988,0.0,0.0,0.0,0.6681291258997775
2024-06-22,0.7338852357338335,-0.39573421247469537,1.8327226213974672,0.7338852357338335,0.7338852357338335,-0.04742669249443007,-0.04742669249443007,-0.04742669249443007,0.03830155464688153,0.03830155464688153,0.03830155464688153,-0.08572824714131161,-0.08572824714131161,-0.08572824714131161,0.0,0.0,0.0,0.6864585432394034
2024-06-23,0.7336181194804723,-0.5602446179760413,1.6762058823606105,0.7336181194804723,0.7336181194804723,-0.13290794266449954,-0.13290794266449954,-0.13290794266449954,-0.04789596465643101,-0.04789596465643101,-0.04789596465643101,-0.08501197800806853,-0.08501197800806853,-0.08501197800806853,0.0,0.0,0.0,0.6007101768159727
2024-06-24,0.7333510032271108,-0.3103774287306239,1.757599098379334,0.7333510032271108,0.7333510032271108,-0.041612559509603006,-0.041612559509603006,-0.041612559509603006,0.04110505439435395,0.04110505439435395,0.04110505439435395,-0.08271761390395696,-0.08271761390395696,-0.08271761390395696,0.0,0.0,0.0,0.6917384437175078
2024-06-25,0.7330838869737494,-0.5081045696057382,1.5819420508726352,0.7330838869737494,0.7330838869737494,-0.22766281742073471,-0.22766281742073471,-0.22766281742073471,-0.1488023148355397,-0.1488023148355397,-0.1488023148355397,-0.078860502585195,-0.078860502585195,-0.078860502585195,0.0,0.0,0.0,0.5054210695530147
2024-06-26,0.7328167707203881,-0.3634766987602514,1.8709031050208766,0.7328167707203881,0.7328167707203881,0.006331596347697345,0.006331596347697345,0.006331596347697345,0.07981640378343288,0.07981640378343288,0.07981640378343288,-0.07348480743573554,-0.07348480743573554,-0.07348480743573554,0.0,0.0,0.0,0.7391483670680854
2024-06-27,0.7325496544670267,-0.40357120969375476,1.7795207512155342,0.7325496544670267,0.7325496544670267,-0.048044469904059105,-0.048044469904059105,-0.048044469904059105,0.018617575500626763,0.018617575500626763,0.018617575500626763,-0.06666204540468587,-0.06666204540468587,-0.06666204540468587,0.0,0.0,0.0,0.6845051845629676
2024-06-28,0.7322825382136654,-0.34642913833198247,1.7352083849976778,0.7322825382136654,0.7322825382136654,-0.03963153891173631,-0.03963153891173631,-0.03963153891173631,0.018857691166650602,0.018857691166650602,0.018857691166650602,-0.058489230078386904,-0.058489230078386904,-0.058489230078386904,0.0,0.0,0.0,0.6926509993019291
2024-06-29,0.7320154219603039,-0.29828979336759726,1.8445970820405695,0.7320154219603039,0.7320154219603039,-0.010785106554926923,-0.010785106554926923,-0.010785106554926923,0.038301554647502484,0.038301554647502484,0.038301554647502484,-0.04908666120242941,-0.04908666120242941,-0.04908666120242941,0.0,0.0,0.0,0.721230315405377
2024-06-30,0.7317483057069427,-0.45317368657718465,1.6395443705919444,0.7317483057069427,0.7317483057069427,-0.086491368058298,-0.086491368058298,-0.086491368058298,-0.04789596465653685,-0.04789596465653685,-0.04789596465653685,-0.038595403401761146,-0.038595403401761146,-0.038595403401761146,0.0,0.0,0.0,0.6452569376486447
2024-07-01,0.7314811894535812,-0.31071982289541533,1.8164706710419958,0.7314811894535812,0.7314811894535812,0.013930556726422239,0.013930556726422239,0.013930556726422239,0.04110505439418003,0.04110505439418003,0.04110505439418003,-0.02717449766775779,-0.02717449766775779,-0.02717449766775779,0.0,0.0,0.0,0.7454117461800034
2024-07-02,0.7312140732002198,-0.4496881258721481,1.5975342387719733,0.7312140732002198,0.7312140732002198,-0.1638002643897395,-0.1638002643897395,-0.1638002643897395,-0.1488023148354886,-0.1488023148354886,-0.1488023148354886,-0.01499794955425087,-0.01499794955425087,-0.01499794955425087,0.0,0.0,0.0,0.5674138088104803
2024-07-03,0.7309469569468585,-0.2592843256670185,1.8172960813087247,0.7309469569468585,0.7309469569468585,0.07756486568783816,0.07756486568783816,0.07756486568783816,0.07981640378377985,0.07981640378377985,0.07981640378377985,-0.0022515380959417077,-0.0022515380959417077,-0.0022515380959417077,0.0,0.0,0.0,0.8085118226346967
2024-07-04,0.7306798406934971,-0.3034199363270366,1.8387281357079643,0.7306798406934971,0.7306798406934971,0.02948808612077864,0.02948808612077864,0.02948808612077864,0.018617575500249166,0.018617575500249166,0.018617575500249166,0.010870510620529473,0.010870510620529473,0.010870510620529473,0.0,0.0,0.0,0.7601679268142758
2024-07-05,0.7304127244401358,-0.3213523782164847,1.8298822010379245,0.7304127244401358,0.7304127244401358,0.04302663260399403,0.04302663260399403,0.04302663260399403,0.018857691166478754,0.018857691166478754,0.018857691166478754,0.02416894143751528,0.02416894143751528,0.02416894143751528,0.0,0.0,0.0,0.7734393570441298
2024-07-06,0.7301456081867742,-0.28494704055106285,1.9212689165468597,0.7301456081867742,0.7301456081867742,0.07574449060295889,0.07574449060295889,0.07574449060295889,0.03830155464708467,0.03830155464708467,0.03830155464708467,0.03744293595587422,0.03744293595587422,0.03744293595587422,0.0,0.0,0.0,0.8058900987897331
2024-07-07,0.7298784919121516,-0.33526234740501804,1.766944412519033,0.7298784919121516,0.7298784919121516,0.0025976178560130694,0.0025976178560130694,0.0025976178560130694,-0.04789596465624362,-0.04789596465624362,-0.04789596465624362,0.05049358251225669,0.05049358251225669,0.05049358251225669,0.0,0.0,0.0,0.7324761097681647
2024-07-08,0.729611375637529,-0.20519378178404538,1.8463049399640705,0.729611375637529,0.729611375637529,0.10423236088454396,0.10423236088454396,0.10423236088454396,0.04110505439432407,0.04110505439432407,0.04110505439432407,0.06312730649021989,0.06312730649021989,0.06312730649021989,0.0,0.0,0.0,0.833843736522073
2024-07-09,0.7293442593629064,-0.4016138219989275,1.6912500401842596,0.7293442593629064,0.7293442593629064,-0.07364309788453359,-0.07364309788453359,-0.07364309788453359,-0.14880231483546513,-0.14880231483546513,-0.14880231483546513,0.07515921695093154,0.07515921695093154,0.07515921695093154,0.0,0.0,0.0,0.6557011614783728
2024-07-10,0.7290771430882838,-0.16307499065515038,1.9428110815448874,0.7290771430882838,0.7290771430882838,0.1662327291075151,0.1662327291075151,0.1662327291075151,0.0798164037834031,0.0798164037834031,0.0798164037834031,0.08641632532411202,0.08641632532411202,0.08641632532411202,0.0,0.0,0.0,0.8953098721957988
2024-07-11,0.7288100268136611,-0.1866469852250697,1.8449583178776323,0.7288100268136611,0.7288100268136611,0.11535816719999262,0.11535816719999262,0.11535816719999262,0.018617575500363304,0.018617575500363304,0.018617575500363304,0.09674059169962931,0.09674059169962931,0.09674059169962931,0.0,0.0,0.0,0.8441681940136537
2024-07-12,0.7285429105390385,-0.19705475112356102,1.9675989252967363,0.7285429105390385,0.7285429105390385,0.12484944538382542,0.12484944538382542,0.12484944538382542,0.018857691166917136,0.018857691166917136,0.018857691166917136,0.10599175421690829,0.10599175421690829,0.10599175421690829,0.0,0.0,0.0,0.853392355922864
2024-07-13,0.7282757942644159,-0.21918228839654855,2.0820243021352876,0.7282757942644159,0.7282757942644159,0.1523514519401708,0.1523514519401708,0.1523514519401708,0.03830155464722696,0.03830155464722696,0.03830155464722696,0.11404989729294385,0.11404989729294385,0.11404989729294385,0.0,0.0,0.0,0.8806272462045868
2024-07-14,0.7280086779897933,-0.28117046473979435,1.8598209611513878,0.7280086779897933,0.7280086779897933,0.072921750455851,0.072921750455851,0.072921750455851,-0.04789596465595041,-0.04789596465595041,-0.04789596465595041,0.12081771511180142,0.12081771511180142,0.12081771511180142,0.0,0.0,0.0,0.8009304284456443
2024-07-15,0.7277415617151707,-0.20768701040531334,1.9191835032851925,0.7277415617151707,0.7277415617151707,0.16732748246390206,0.16732748246390206,0.16732748246390206,0.04110505439443174,0.04110505439443174,0.04110505439443174,0.1262224280694703,0.1262224280694703,0.1262224280694703,0.0,0.0,0.0,0.8950690441790727
2024-07-16,0.7274744454405481,-0.4195939876428348,1.7103132462013495,0.7274744454405481,0.7274744454405481,-0.018585002951854446,-0.018585002951854446,-0.018585002951854446,-0.14880231483541403,-0.14880231483541403,-0.14880231483541403,0.1302173118835596,0.1302173118835596,0.1302173118835596,0.0,0.0,0.0,0.7088894424886936
2024-07-17,0.7272073291659255,-0.0836156945839887,2.007018029334111,0.7272073291659255,0.7272073291659255,0.21259920575645505,0.21259920575645505,0.21259920575645505,0.07981640378375009,0.07981640378375009,0.07981640378375009,0.13278280197270498,0.13278280197270498,0.13278280197270498,0.0,0.0,0.0,0.9398065349223805
2024-07-18,0.7269402128913028,-0.17266532836229614,1.9505761273030247,0.7269402128913028,0.7269402128913028,0.1525447151101944,0.1525447151101944,0.1525447151101944,0.018617575499937984,0.018617575499937984,0.018617575499937984,0.13392713961025643,0.13392713961025643,0.13392713961025643,0.0,0.0,0.0,0.8794849280014972
2024-07-19,0.7266730966166802,-0.20558072538317487,1.9130641908370885,0.7266730966166802,0.7266730966166802,0.15254422251576336,0.15254422251576336,0.15254422251576336,0.018857691166135088,0.018857691166135088,0.018857691166135088,0.1336865313496283,0.1336865313496283,0.1336865313496283,0.0,0.0,0.0,0.8792173191324436
2024-07-20,0.7264059803420576,-0.16348157406772001,1.968767761153527,0.7264059803420576,0.7264059803420576,0.17042635400759262,0.17042635400759262,0.17042635400759262,0.03830155464728781,0.03830155464728781,0.03830155464728781,0.1321247993603048,0.1321247993603048,0.1321247993603048,0.0,0.0,0.0,0.8968323343496503
2024-07-21,0.726138864067435,-0.26073921971315245,1.7145159606639504,0.726138864067435,0.726138864067435,0.08143654296186875,0.08143654296186875,0.08143654296186875,-0.04789596465645529,-0.04789596465645529,-0.04789596465645529,0.12933250761832404,0.12933250761832404,0.12933250761832404,0.0,0.0,0.0,0.8075754070293037
2024-07-22,0.7258717477928124,-0.13341379329357658,1.9447072628361741,0.7258717477928124,0.7258717477928124,0.16653061172151873,0.16653061172151873,0.16653061172151873,0.04110505439441679,0.04110505439441679,0.04110505439441679,0.12542555732710195,0.12542555732710195,0.12542555732710195,0.0,0.0,0.0,0.8924023595143311
2024-07-23,0.7256046315181898,-0.4210853699253731,1.830124103824998,0.7256046315181898,0.7256046315181898,-0.028259060417688987,-0.028259060417688987,-0.028259060417688987,-0.14880231483547557,-0.14880231483547557,-0.14880231483547557,0.12054325441778659,0.12054325441778659,0.12054325441778659,0.0,0.0,0.0,0.6973455711005008
2024-07-24,0.7253375152435672,-0.11922466159003706,1.9987709756274414,0.7253375152435672,0.7253375152435672,0.19466226614792675,0.19466226614792675,0.19466226614792675,0.07981640378373518,0.07981640378373518,0.07981640378373518,0.11484586236419156,0.11484586236419156,0.11484586236419156,0.0,0.0,0.0,0.919999781391494
2024-07-25,0.7250703989689445,-0.21595626376723434,1.8633105960876895,0.7250703989689445,0.7250703989689445,0.12712924014415866,0.12712924014415866,0.12712924014415866,0.018617575499512654,0.018617575499512654,0.018617575499512654,0.108511664644646,0.108511664644646,0.108511664644646,0.0,0.0,0.0,0.8521996391131033
2024-07-26,0.7248032826943219,-0.23295047664132598,1.8750852824479478,0.7248032826943219,0.7248032826943219,0.1205912639389522,0.1205912639389522,0.1205912639389522,0.01885769116675481,0.01885769116675481,0.01885769116675481,0.1017335727721974,0.1017335727721974,0.1017335727721974,0.0,0.0,0.0,0.8453945466332742
2024-07-27,0.7245361664196993,-0.16890636699121608,1.918775581196127,0.7245361664196993,0.7245361664196993,0.13301688225161631,0.13301688225161631,0.13301688225161631,0.038301554647430104,0.038301554647430104,0.038301554647430104,0.09471532760418622,0.09471532760418622,0.09471532760418622,0.0,0.0,0.0,0.8575530486713157
2024-07-28,0.7242690501450767,-0.295044357523124,1.9271897995127893,0.7242690501450767,0.7242690501450767,0.03977138867150517,0.03977138867150517,0.03977138867150517,-0.04789596465616207,-0.04789596465616207,-0.04789596465616207,0.08766735332766726,0.08766735332766726,0.08766735332766726,0.0,0.0,0.0,0.7640404388165819
2024-07-29,0.7240019338704541,-0.21358420232604708,1.9468531082082698,0.7240019338704541,0.7240019338704541,0.12190738914234509,0.12190738914234509,0.12190738914234509,0.041105054394242904,0.041105054394242904,0.041105054394242904,0.08080233474810218,0.08080233474810218,0.08080233474810218,0.0,0.0,0.0,0.8459093230127992
2024-07-30,0.7237348177100021,-0.4096315247208381,1.733175082893927,0.7237348177100021,0.7237348177100021,-0.0744717159046493,-0.0744717159046493,-0.0744717159046493,-0.14880231483542447,-0.14880231483542447,-0.14880231483542447,0.07433059893077519,0.07433059893077519,0.07433059893077519,0.0,0.0,0.0,0.6492631018053528
2024-07-31,0.72346770154955,-0.13694043505056377,1.8534450695841858,0.72346770154955,0.72346770154955,0.1482717952740985,0.1482717952740985,0.1482717952740985,0.07981640378334863,0.07981640378334863,0.07981640378334863,0.06845539149074986,0.06845539149074986,0.06845539149074986,0.0,0.0,0.0,0.8717394968236485
2024-08-01,0.7232005853890979,-0.3364921726035183,1.7778107214857435,0.7232005853890979,0.7232005853890979,0.08198572103634225,0.08198572103634225,0.08198572103634225,0.018617575500166253,0.018617575500166253,0.018617575500166253,0.063368145536176,0.063368145536176,0.063368145536176,0.0,0.0,0.0,0.8051863064254402
2024-08-02,0.722933469228646,-0.20788122423348382,1.877048706603081,0.722933469228646,0.722933469228646,0.07810153826887342,0.07810153826887342,0.07810153826887342,0.018857691165972752,0.018857691165972752,0.018857691165972752,0.05924384710290067,0.05924384710290067,0.05924384710290067,0.0,0.0,0.0,0.8010350074975194
2024-08-03,0.7226663530681938,-0.23194931713426634,1.8294979630820187,0.7226663530681938,0.7226663530681938,0.09453815921267883,0.09453815921267883,0.09453815921267883,0.03830155464701229,0.03830155464701229,0.03830155464701229,0.05623660456566652,0.05623660456566652,0.05623660456566652,0.0,0.0,0.0,0.8172045122808727
2024-08-04,0.7223992369077419,-0.2959613983832574,1.7288288266367768,0.7223992369077419,0.7223992369077419,0.006579566052737377,0.006579566052737377,0.006579566052737377,-0.04789596465626791,-0.04789596465626791,-0.04789596465626791,0.054475530709005286,0.054475530709005286,0.054475530709005286,0.0,0.0,0.0,0.7289788029604792
2024-08-05,0.7221321207472898,-0.26221942656525316,1.8313962349698292,0.7221321207472898,0.7221321207472898,0.09516609907119791,0.09516609907119791,0.09516609907119791,0.04110505439406897,0.04110505439406897,0.04110505439406897,0.05406104467712894,0.05406104467712894,0.05406104467712894,0.0,0.0,0.0,0.8172982198184877
2024-08-06,0.7218650045868378,-0.29650792386372515,1.698048365097648,0.7218650045868378,0.7218650045868378,-0.09374061807777354,-0.09374061807777354,-0.09374061807777354,-0.14880231483548598,-0.14880231483548598,-0.14880231483548598,0.05506169675771244,0.05506169675771244,0.05506169675771244,0.0,0.0,0.0,0.6281243865090642
2024-08-07,0.7215978884263857,-0.1832030250403194,1.9083689359771716,0.7215978884263857,0.7215978884263857,0.13732801560006164,0.13732801560006164,0.13732801560006164,0.07981640378333374,0.07981640378333374,0.07981640378333374,0.05751161181672787,0.05751161181672787,0.05751161181672787,0.0,0.0,0.0,0.8589259040264474
2024-08-08,0.7213307722659337,-0.20429918650256607,1.8535667059594947,0.7213307722659337,0.7213307722659337,0.0800262127051182,0.0800262127051182,0.0800262127051182,0.01861757549974092,0.01861757549974092,0.01861757549974092,0.06140863720537729,0.06140863720537729,0.06140863720537729,0.0,0.0,0.0,0.8013569849710519
2024-08-09,0.7210636561054817,-0.26091390439562356,1.986420719781895,0.7210636561054817,0.7210636561054817,0.08557095936848788,0.08557095936848788,0.08557095936848788,0.018857691166411134,0.018857691166411134,0.018857691166411134,0.06671326820207674,0.06671326820207674,0.06671326820207674,0.0,0.0,0.0,0.8066346154739696
2024-08-10,0.7207965399450296,-0.21192255846384012,2.0014805459643936,0.7207965399450296,0.7207965399450296,0.11164996336572384,0.11164996336572384,0.11164996336572384,0.03830155464715458,0.03830155464715458,0.03830155464715458,0.07334840871856928,0.07334840871856928,0.07334840871856928,0.0,0.0,0.0,0.8324465033107534
2024-08-11,0.7205294237845776,-0.34526289529748266,1.728482322301188,0.7205294237845776,0.7205294237845776,0.0333040427019337,0.0333040427019337,0.0333040427019337,-0.04789596465629116,-0.04789596465629116,-0.04789596465629116,0.08120000735822487,0.08120000735822487,0.08120000735822487,0.0,0.0,0.0,0.7538334664865113
2024-08-12,0.7202623076241255,-0.19130130522621203,1.8733320453368052,0.7202623076241255,0.7202623076241255,0.13122364371861311,0.13122364371861311,0.13122364371861311,0.041105054394653576,0.041105054394653576,0.041105054394653576,0.09011858932395951,0.09011858932395951,0.09011858932395951,0.0,0.0,0.0,0.8514859513427386
2024-08-13,0.7199951914636735,-0.4722721278479279,1.6088174700380284,0.7199951914636735,0.7199951914636735,-0.048880631279094595,-0.048880631279094595,-0.048880631279094595,-0.14880231483532233,-0.14880231483532233,-0.14880231483532233,0.09992168355622771,0.09992168355622771,0.09992168355622771,0.0,0.0,0.0,0.6711145601845789
2024-08-14,0.7197280753032215,-0.1779380309841132,1.9376556196739223,0.7197280753032215,0.7197280753032215,0.19021352612265646,0.19021352612265646,0.19021352612265646,0.07981640378368073,0.07981640378368073,0.07981640378368073,0.11039712233897575,0.11039712233897575,0.11039712233897575,0.0,0.0,0.0,0.9099416014258779
2024-08-15,0.7194609591427694,-0.22696992899004145,1.8600167845594626,0.7194609591427694,0.7194609591427694,0.13992474349187373,0.13992474349187373,0.13992474349187373,0.018617575499855064,0.018617575499855064,0.018617575499855064,0.12130716799201864,0.12130716799201864,0.12130716799201864,0.0,0.0,0.0,0.8593857026346432
2024-08-16,0.7191938429823174,-0.21758679350162094,1.989406147487801,0.7191938429823174,0.7191938429823174,0.15125108992673578,0.15125108992673578,0.15125108992673578,0.018857691166420644,0.018857691166420644,0.018857691166420644,0.13239339876031514,0.13239339876031514,0.13239339876031514,0.0,0.0,0.0,0.8704449329090531
2024-08-17,0.7189267268218653,-0.1429950021912686,1.9520247294394413,0.7189267268218653,0.7189267268218653,0.1816838188815921,0.1816838188815921,0.1816838188815921,0.038301554646736756,0.038301554646736756,0.038301554646736756,0.14338226423485537,0.14338226423485537,0.14338226423485537,0.0,0.0,0.0,0.9006105457034574
2024-08-18,0.7186596106614134,-0.20717584784253873,1.852070424081145,0.7186596106614134,0.7186596106614134,0.10609523556312295,0.10609523556312295,0.10609523556312295,-0.047895964656397005,-0.047895964656397005,-0.047895964656397005,0.15399120021951995,0.15399120021951995,0.15399120021951995,0.0,0.0,0.0,0.8247548462245363
2024-08-19,0.7183924945009612,-0.08935549069231463,1.9752330502054534,0.7183924945009612,0.7183924945009612,0.20504022890103665,0.20504022890103665,0.20504022890103665,0.04110505439463864,0.04110505439463864,0.04110505439463864,0.163935174506398,0.163935174506398,0.163935174506398,0.0,0.0,0.0,0.9234327234019979
2024-08-20,0.7181253783405093,-0.3281629947346637,1.838646947517215,0.7181253783405093,0.7181253783405093,0.02413120428905813,0.02413120428905813,0.02413120428905813,-0.14880231483538384,-0.14880231483538384,-0.14880231483538384,0.17293351912444194,0.17293351912444194,0.17293351912444194,0.0,0.0,0.0,0.7422565826295674
2024-08-21,0.7178582621800572,-0.04179409707222478,2.050211923166351,0.7178582621800572,0.7178582621800572,0.2605332956094136,0.2605332956094136,0.2605332956094136,0.07981640378366583,0.07981640378366583,0.07981640378366583,0.18071689182574777,0.18071689182574777,0.18071689182574777,0.0,0.0,0.0,0.9783915577894708
2024-08-22,0.7175911462136877,-0.1629105932385054,2.0127578007653684,0.7175911462136877,0.7175911462136877,0.20565177584283806,0.20565177584283806,0.20565177584283806,0.018617575500016928,0.018617575500016928,0.018617575500016928,0.1870342003428211,0.1870342003428211,0.1870342003428211,0.0,0.0,0.0,0.9232429220565257
2024-08-23,0.7173240302473183,-0.1372531226609293,1.981697073858175,0.7173240302473183,0.7173240302473183,0.21051700884637595,0.21051700884637595,0.21051700884637595,0.018857691166248795,0.018857691166248795,0.018857691166248795,0.19165931768012717,0.19165931768012717,0.19165931768012717,0.0,0.0,0.0,0.9278410390936942
2024-08-24,0.7170569142809489,-0.1317809309742644,1.9815756009023946,0.7170569142809489,0.7170569142809489,0.23269897034747167,0.23269897034747167,0.23269897034747167,0.03830155464743915,0.03830155464743915,0.03830155464743915,0.1943974157000325,0.1943974157000325,0.1943974157000325,0.0,0.0,0.0,0.9497558846284205
2024-08-25,0.7167897983145793,-0.1881872268963794,1.9372940286316993,0.7167897983145793,0.7167897983145793,0.14719478305875835,0.14719478305875835,0.14719478305875835,-0.04789596465610378,-0.04789596465610378,-0.04789596465610378,0.19509074771486218,0.19509074771486218,0.19509074771486218,0.0,0.0,0.0,0.8639845813733377
2024-08-26,0.71652268234821,-0.136906764158389,2.0046937121927066,0.71652268234821,0.71652268234821,0.23472877317005647,0.23472877317005647,0.23472877317005647,0.04110505439446472,0.04110505439446472,0.04110505439446472,0.19362371877559176,0.19362371877559176,0.19362371877559176,0.0,0.0,0.0,0.9512514555182665
2024-08-27,0.7162555663818405,-0.4089336073844459,1.9096310912625243,0.7162555663818405,0.7162555663818405,0.041124779979262185,0.041124779979262185,0.041124779979262185,-0.1488023148354729,-0.1488023148354729,-0.1488023148354729,0.1899270948147351,0.1899270948147351,0.1899270948147351,0.0,0.0,0.0,0.7573803463611027
2024-08-28,0.7159884504154711,-0.11119449888079012,2.0128123490783487,0.7159884504154711,0.7159884504154711,0.2637976223567081,0.2637976223567081,0.2637976223567081,0.0798164037840128,0.0798164037840128,0.0798164037840128,0.18398121857269528,0.18398121857269528,0.18398121857269528,0.0,0.0,0.0,0.9797860727721792
2024-08-29,0.7157213344491016,-0.2362473411818544,1.9811500302885012,0.7157213344491016,0.7157213344491016,0.19443569652192144,0.19443569652192144,0.19443569652192144,0.018617575500131066,0.018617575500131066,0.018617575500131066,0.1758181210217904,0.1758181210217904,0.1758181210217904,0.0,0.0,0.0,0.910157030971023
2024-08-30,0.7154542184827322,-0.1607156741014227,1.9018174013698248,0.7154542184827322,0.7154542184827322,0.1843801325436059,0.1843801325436059,0.1843801325436059,0.01885769116607697,0.01885769116607697,0.01885769116607697,0.16552244137752892,0.16552244137752892,0.16552244137752892,0.0,0.0,0.0,0.899834351026338
2024-08-31,0.7151871025163626,-0.22577133825423362,1.9209551880751279,0.7151871025163626,0.7151871025163626,0.19153265086671814,0.19153265086671814,0.19153265086671814,0.03830155464702134,0.03830155464702134,0.03830155464702134,0.15323109621969677,0.15323109621969677,0.15323109621969677,0.0,0.0,0.0,0.9067197533830808
2024-09-01,0.7149199865499933,-0.24558134939878373,1.8883072155292853,0.7149199865499933,0.7149199865499933,0.09123570344794096,0.09123570344794096,0.09123570344794096,-0.047895964656209614,-0.047895964656209614,-0.047895964656209614,0.13913166810415056,0.13913166810415056,0.13913166810415056,0.0,0.0,0.0,0.8061556899979343
2024-09-02,0.7146528705836239,-0.22911631895754955,2.0188761297040876,0.7146528705836239,0.7146528705836239,0.16456457000233682,0.16456457000233682,0.16456457000233682,0.04110505439429081,0.04110505439429081,0.04110505439429081,0.12345951560804602,0.12345951560804602,0.12345951560804602,0.0,0.0,0.0,0.8792174405859607
2024-09-03,0.7143857546172544,-0.42236608087667993,1.7248834698778153,0.7143857546172544,0.7143857546172544,-0.042308675609359005,-0.042308675609359005,-0.042308675609359005,-0.14880231483542183,-0.14880231483542183,-0.14880231483542183,0.10649363922606281,0.10649363922606281,0.10649363922606281,0.0,0.0,0.0,0.6720770790078954
2024-09-04,0.7141186386508849,-0.1558182731696977,1.9635608485910343,0.7141186386508849,0.7141186386508849,0.16836777387135649,0.16836777387135649,0.16836777387135649,0.07981640378363604,0.07981640378363604,0.07981640378363604,0.08855137008772043,0.08855137008772043,0.08855137008772043,0.0,0.0,0.0,0.8824864125222414
2024-09-05,0.7138515226845155,-0.1842336096528342,1.8569061880731261,0.7138515226845155,0.7138515226845155,0.08859955572634741,0.08859955572634741,0.08859955572634741,0.018617575500245204,0.018617575500245204,0.018617575500245204,0.06998198022610219,0.06998198022610219,0.06998198022610219,0.0,0.0,0.0,0.8024510784108628
2024-09-06,0.713584406718146,-0.25827968580424326,1.9248184758768896,0.713584406718146,0.713584406718146,0.07001703439609376,0.07001703439609376,0.07001703439609376,0.018857691166515346,0.018857691166515346,0.018857691166515346,0.05115934322957842,0.05115934322957842,0.05115934322957842,0.0,0.0,0.0,0.7836014411142398
2024-09-07,0.7133172907517766,-0.28569030620457864,1.8924579838233158,0.7133172907517766,0.7133172907517766,0.0707753563536403,0.0707753563536403,0.0707753563536403,0.03830155464708219,0.03830155464708219,0.03830155464708219,0.03247380170655811,0.03247380170655811,0.03247380170655811,0.0,0.0,0.0,0.7840926471054169
2024-09-08,0.7130501747854072,-0.3997738134144844,1.6960076638491202,0.7130501747854072,0.7130501747854072,-0.03357254238173664,-0.03357254238173664,-0.03357254238173664,-0.04789596465623287,-0.04789596465623287,-0.04789596465623287,0.014323422274496239,0.014323422274496239,0.014323422274496239,0.0,0.0,0.0,0.6794776324036705
2024-09-09,0.7127830588190377,-0.34642764336190524,1.842896831145343,0.7127830588190377,0.7127830588190377,0.03820989342342865,0.03820989342342865,0.03820989342342865,0.04110505439427586,0.04110505439427586,0.04110505439427586,-0.002895160970847214,-0.002895160970847214,-0.002895160970847214,0.0,0.0,0.0,0.7509929522424663
2024-09-10,0.7125159428526683,-0.568992159380156,1.5491940719487043,0.7125159428526683,0.7125159428526683,-0.1675984128351839,-0.1675984128351839,-0.1675984128351839,-0.14880231483537074,-0.14880231483537074,-0.14880231483537074,-0.018796097999813167,-0.018796097999813167,-0.018796097999813167,0.0,0.0,0.0,0.5449175300174844
2024-09-11,0.7122488268862988,-0.22161809718467923,1.8285383390913428,0.7122488268862988,0.7122488268862988,0.0468027612141159,0.0468027612141159,0.0468027612141159,0.07981640378398303,0.07981640378398303,0.07981640378398303,-0.03301364256986712,-0.03301364256986712,-0.03301364256986712,0.0,0.0,0.0,0.7590515881004146
2024-09-12,0.7119817109199293,-0.4415180885292502,1.6865542988953568,0.7119817109199293,0.7119817109199293,-0.02659363308016311,-0.02659363308016311,-0.02659363308016311,0.018617575500407067,0.018617575500407067,0.018617575500407067,-0.04521120858057018,-0.04521120858057018,-0.04521120858057018,0.0,0.0,0.0,0.6853880778397662
2024-09-13,0.7117145949535599,-0.4456054570859802,1.769432396894841,0.7117145949535599,0.7117145949535599,-0.03623224153930841,-0.03623224153930841,-0.03623224153930841,0.01885769116695373,0.01885769116695373,0.01885769116695373,-0.05508993270626214,-0.05508993270626214,-0.05508993270626214,0.0,0.0,0.0,0.6754823534142516
2024-09-14,0.7114474789871905,-0.47302690777748607,1.6599182288786791,0.7114474789871905,0.7114474789871905,-0.024094965483643715,-0.024094965483643715,-0.024094965483643715,0.038301554647224484,0.038301554647224484,0.038301554647224484,-0.0623965201308682,-0.0623965201308682,-0.0623965201308682,0.0,0.0,0.0,0.6873525135035468
2024-09-15,0.7111803630060176,-0.34287827402699816,1.6164559291255185,0.7111803630060176,0.7111803630060176,-0.1148261279971767,-0.1148261279971767,-0.1148261279971767,-0.04789596465673777,-0.04789596465673777,-0.04789596465673777,-0.06693016334043894,-0.06693016334043894,-0.06693016334043894,0.0,0.0,0.0,0.5963542350088409
2024-09-16,0.7109132470248447,-0.3909722820888321,1.7626345540658135,0.7109132470248447,0.7109132470248447,-0.027443288399604977,-0.027443288399604977,-0.027443288399604977,0.04110505439426092,0.04110505439426092,0.04110505439426092,-0.06854834279386589,-0.06854834279386589,-0.06854834279386589,0.0,0.0,0.0,0.6834699586252397
2024-09-17,0.7106461310436719,-0.5407128497824422,1.6110260199774045,0.7106461310436719,0.7106461310436719,-0.21597365735545573,-0.21597365735545573,-0.21597365735545573,-0.14880231483543224,-0.14880231483543224,-0.14880231483543224,-0.06717134252002348,-0.06717134252002348,-0.06717134252002348,0.0,0.0,0.0,0.4946724736882162
2024-09-18,0.7103790150624991,-0.4069718242585195,1.8155070161765186,0.7103790150624991,0.7103790150624991,0.017031061026444947,0.017031061026444947,0.017031061026444947,0.07981640378359646,0.07981640378359646,0.07981640378359646,-0.0627853427571515,-0.0627853427571515,-0.0627853427571515,0.0,0.0,0.0,0.727410076088944
2024-09-19,0.7101118990813262,-0.3984337530542949,1.7672221732280804,0.7101118990813262,0.7101118990813262,-0.03682640948866473,-0.03682640948866473,-0.03682640948866473,0.01861757549998174,0.01861757549998174,0.01861757549998174,-0.05544398498864647,-0.05544398498864647,-0.05544398498864647,0.0,0.0,0.0,0.6732854895926614
2024-09-20,0.7098447831001533,-0.3605267110016299,1.8026715458738558,0.7098447831001533,0.7098447831001533,-0.026410650183053205,-0.026410650183053205,-0.026410650183053205,0.018857691166781897,0.018857691166781897,0.018857691166781897,-0.0452683413498351,-0.0452683413498351,-0.0452683413498351,0.0,0.0,0.0,0.6834341329171001
2024-09-21,0.7095776671189806,-0.35060838231162655,1.7515271364812368,0.7095776671189806,0.7095776671189806,0.005856295168337549,0.005856295168337549,0.005856295168337549,0.038301554647366766,0.038301554647366766,0.038301554647366766,-0.032445259479029216,-0.032445259479029216,-0.032445259479029216,0.0,0.0,0.0,0.7154339622873181
2024-09-22,0.7093105511378077,-0.3409661731311014,1.6915018442518088,0.7093105511378077,0.7093105511378077,-0.06512005914142227,-0.06512005914142227,-0.06512005914142227,-0.047895964656444544,-0.047895964656444544,-0.047895964656444544,-0.017224094484977717,-0.017224094484977717,-0.017224094484977717,0.0,0.0,0.0,0.6441904919963855
2024-09-23,0.7090434351566349,-0.292025737173757,1.9465083728957948,0.7090434351566349,0.7090434351566349,0.0411931736429046,0.0411931736429046,0.0411931736429046,0.04110505439452758,0.04110505439452758,0.04110505439452758,8.811924837702143e-05,8.811924837702143e-05,8.811924837702143e-05,0.0,0.0,0.0,0.7502366087995396
2024-09-24,0.708776319175462,-0.5062186449431144,1.6261791572737847,0.708776319175462,0.708776319175462,-0.12966935157175385,-0.12966935157175385,-0.12966935157175385,-0.14880231483549378,-0.14880231483549378,-0.14880231483549378,0.019132963263739908,0.019132963263739908,0.019132963263739908,0.0,0.0,0.0,0.5791069676037082
2024-09-25,0.7085092031942892,-0.24977006231318175,1.84304065552768,0.7085092031942892,0.7085092031942892,0.1193246691360101,0.1193246691360101,0.1193246691360101,0.07981640378358157,0.07981640378358157,0.07981640378358157,0.039508265352428545,0.039508265352428545,0.039508265352428545,0.0,0.0,0.0,0.8278338723302994
2024-09-26,0.7082420872131163,-0.25433129113409053,1.7974973608620612,0.7082420872131163,0.7082420872131163,0.07939447262305671,0.07939447262305671,0.07939447262305671,0.01861757550063535,0.01861757550063535,0.01861757550063535,0.06077689712242136,0.06077689712242136,0.06077689712242136,0.0,0.0,0.0,0.787636559836173
2024-09-27,0.7079749712319436,-0.21619139498457898,1.8781005429578486,0.7079749712319436,0.7079749712319436,0.10133422986246365,0.10133422986246365,0.10133422986246365,0.01885769116661006,0.01885769116661006,0.01885769116661006,0.08247653869585359,0.08247653869585359,0.08247653869585359,0.0,0.0,0.0,0.8093092010944073
2024-09-28,0.7077078552507707,-0.2345875988724342,1.8787182729214758,0.7077078552507707,0.7077078552507707,0.142431737480624,0.142431737480624,0.142431737480624,0.03830155464694895,0.03830155464694895,0.03830155464694895,0.10413018283367505,0.10413018283367505,0.10413018283367505,0.0,0.0,0.0,0.8501395927313947
2024-09-29,0.7074407392695979,-0.31921778526220956,1.8527814928494584,0.7074407392695979,0.7074407392695979,0.07736116399764914,0.07736116399764914,0.07736116399764914,-0.04789596465655038,-0.04789596465655038,-0.04789596465655038,0.12525712865419952,0.12525712865419952,0.12525712865419952,0.0,0.0,0.0,0.7848019032672471
2024-09-30,0.707173623288425,-0.12058784818864933,2.0069134175114103,0.707173623288425,0.707173623288425,0.18648925350137874,0.18648925350137874,0.18648925350137874,0.04110505439435365,0.04110505439435365,0.04110505439435365,0.14538419910702507,0.14538419910702507,0.14538419910702507,0.0,0.0,0.0,0.8936628767898038
2024-10-01,0.7069065073072522,-0.3696328897477906,1.794877781319605,0.7069065073072522,0.7069065073072522,0.015254592163462827,0.015254592163462827,0.015254592163462827,-0.1488023148354427,-0.1488023148354427,-0.1488023148354427,0.16405690699890552,0.16405690699890552,0.16405690699890552,0.0,0.0,0.0,0.722161099470715
2024-10-02,0.7066393913260793,-0.03398869804279851,2.100427598883513,0.7066393913260793,0.7066393913260793,0.260666695770789,0.260666695770789,0.260666695770789,0.07981640378356669,0.07981640378356669,0.07981640378356669,0.18085029198722233,0.18085029198722233,0.18085029198722233,0.0,0.0,0.0,0.9673060870968684
2024-10-03,0.7063722753449064,-0.10092395341094142,1.9652701203982483,0.7063722753449064,0.7063722753449064,0.21399673122194135,0.21399673122194135,0.21399673122194135,0.018617575500210013,0.018617575500210013,0.018617575500210013,0.1953791557217313,0.1953791557217313,0.1953791557217313,0.0,0.0,0.0,0.9203690065668477
2024-10-04,0.7061051593637336,-0.11284892167445826,2.017832627288521,0.7061051593637336,0.7061051593637336,0.2261651253674941,0.2261651253674941,0.2261651253674941,0.01885769116661956,0.01885769116661956,0.01885769116661956,0.20730743420087455,0.20730743420087455,0.20730743420087455,0.0,0.0,0.0,0.9322702847312277
2024-10-05,0.7058380433825608,-0.11687311961788897,1.9249414899575072,0.7058380433825608,0.7058380433825608,0.2546580198454311,0.2546580198454311,0.2546580198454311,0.03830155464653114,0.03830155464653114,0.03830155464653114,0.2163564651989,0.2163564651989,0.2163564651989,0.0,0.0,0.0,0.960496063227992
2024-10-06,0.7055709274013879,-0.18258451009399362,1.9861030150044414,0.7055709274013879,0.7055709274013879,0.17441596924860253,0.17441596924860253,0.17441596924860253,-0.04789596465625716,-0.04789596465625716,-0.04789596465625716,0.2223119339048597,0.2223119339048597,0.2223119339048597,0.0,0.0,0.0,0.8799868966499904
2024-10-07,0.7053038114202153,-0.12458558691710832,2.0211325061647893,0.7053038114202153,0.7053038114202153,0.26613436550978314,0.26613436550978314,0.26613436550978314,0.0411050543944977,0.0411050543944977,0.0411050543944977,0.22502931111528546,0.22502931111528546,0.22502931111528546,0.0,0.0,0.0,0.9714381769299985
2024-10-08,0.7050366953638211,-0.20243060173961053,1.840661192958661,0.7050366953638211,0.7050366953638211,0.07563531985153844,0.07563531985153844,0.07563531985153844,-0.1488023148353916,-0.1488023148353916,-0.1488023148353916,0.22443763468693007,0.22443763468693007,0.22443763468693007,0.0,0.0,0.0,0.7806720152153596
2024-10-09,0.7047695793074271,-0.15272159132777693,2.027329719649138,0.7047695793074271,0.7047695793074271,0.3003579293687914,0.3003579293687914,0.3003579293687914,0.07981640378318013,0.07981640378318013,0.07981640378318013,0.2205415255856113,0.2205415255856113,0.2205415255856113,0.0,0.0,0.0,1.0051275086762186
2024-10-10,0.7045024632510332,-0.08003519123987882,2.010914736737938,0.7045024632510332,0.7045024632510332,0.23203894924470822,0.23203894924470822,0.23203894924470822,0.018617575500324158,0.018617575500324158,0.018617575500324158,0.21342137374438405,0.21342137374438405,0.21342137374438405,0.0,0.0,0.0,0.9365414124957414
2024-10-11,0.704235347194639,-0.12835186442496596,1.9662492661069546,0.704235347194639,0.704235347194639,0.22208936611038402,0.22208936611038402,0.22208936611038402,0.018857691167057947,0.018857691167057947,0.018857691167057947,0.20323167494332606,0.20323167494332606,0.20323167494332606,0.0,0.0,0.0,0.926324713305023
2024-10-12,0.703968231138245,-0.07091679381988304,1.8835653451726992,0.703968231138245,0.703968231138245,0.22849910150675012,0.22849910150675012,0.22849910150675012,0.03830155464715209,0.03830155464715209,0.03830155464715209,0.19019754685959803,0.19019754685959803,0.19019754685959803,0.0,0.0,0.0,0.9324673326449952
2024-10-13,0.7037011150818508,-0.22601199369368052,1.8941286600624392,0.7037011150818508,0.7037011150818508,0.1267135344215337,0.1267135344215337,0.1267135344215337,-0.047895964656363,-0.047895964656363,-0.047895964656363,0.17460949907789675,0.17460949907789675,0.17460949907789675,0.0,0.0,0.0,0.8304146495033846
2024-10-14,0.7034339990254569,-0.17008209032753088,1.9936728944038011,0.7034339990254569,0.7034339990254569,0.19792163136475577,0.19792163136475577,0.19792163136475577,0.04110505439432377,0.04110505439432377,0.04110505439432377,0.156816576970432,0.156816576970432,0.156816576970432,0.0,0.0,0.0,0.9013556303902126
2024-10-15,0.7031668829690629,-0.3110518569061564,1.7892865858693836,0.7031668829690629,0.7031668829690629,-0.011584273093396711,-0.011584273093396711,-0.011584273093396711,-0.14880231483548068,-0.14880231483548068,-0.14880231483548068,0.13721804174208396,0.13721804174208396,0.13721804174208396,0.0,0.0,0.0,0.6915826098756662
2024-10-16,0.7028997669126689,-0.0952242200134566,2.0301667945852793,0.7028997669126689,0.7028997669126689,0.19607019123570968,0.19607019123570968,0.19607019123570968,0.07981640378316524,0.07981640378316524,0.07981640378316524,0.11625378745254444,0.11625378745254444,0.11625378745254444,0.0,0.0,0.0,0.8989699581483785
2024-10-17,0.7026326508562748,-0.24963481728959638,1.9408603521082386,0.7026326508562748,0.7026326508562748,0.11301130492317446,0.11301130492317446,0.11301130492317446,0.01861757549989882,0.01861757549989882,0.01861757549989882,0.09439372942327565,0.09439372942327565,0.09439372942327565,0.0,0.0,0.0,0.8156439557794493
2024-10-18,0.7023655347998808,-0.33403062676638795,1.9409850541856266,0.7023655347998808,0.7023655347998808,0.09098411734639583,0.09098411734639583,0.09098411734639583,0.01885769116627588,0.01885769116627588,0.01885769116627588,0.07212642618011994,0.07212642618011994,0.07212642618011994,0.0,0.0,0.0,0.7933496521462766
2024-10-19,0.7020984187434867,-0.29187891450861747,1.871870499924636,0.7020984187434867,0.7020984187434867,0.08824877284664871,0.08824877284664871,0.08824877284664871,0.03830155464785449,0.03830155464785449,0.03830155464785449,0.049947218198794226,0.049947218198794226,0.049947218198794226,0.0,0.0,0.0,0.7903471915901353
2024-10-20,0.7018313026870927,-0.41034107062267566,1.753377053977355,0.7018313026870927,0.7018313026870927,-0.01954978405512943,-0.01954978405512943,-0.01954978405512943,-0.04789596465638625,-0.04789596465638625,-0.04789596465638625,0.02834618060125682,0.02834618060125682,0.02834618060125682,0.0,0.0,0.0,0.6822815186319633
2024-10-21,0.7015641866306986,-0.2767404441120514,1.8302579648198583,0.7015641866306986,0.7015641866306986,0.048901247568350036,0.048901247568350036,0.048901247568350036,0.041105054394308845,0.041105054394308845,0.041105054394308845,0.007796193174041191,0.007796193174041191,0.007796193174041191,0.0,0.0,0.0,0.7504654341990487
2024-10-22,0.7012970705743047,-0.5241077792589987,1.5658318762655536,0.7012970705743047,0.7012970705743047,-0.16006088540481636,-0.16006088540481636,-0.16006088540481636,-0.1488023148354296,-0.1488023148354296,-0.1488023148354296,-0.011258570569386752,-0.011258570569386752,-0.011258570569386752,0.0,0.0,0.0,0.5412361851694883
2024-10-23,0.7010299545179105,-0.34953720505585184,1.771196600647324,0.7010299545179105,0.7010299545179105,0.051402960693090735,0.051402960693090735,0.051402960693090735,0.07981640378351222,0.07981640378351222,0.07981640378351222,-0.028413443090421486,-0.028413443090421486,-0.028413443090421486,0.0,0.0,0.0,0.7524329152110012
2024-10-24,0.7007628384615165,-0.4201410446698618,1.7045686083097367,0.7007628384615165,0.7007628384615165,-0.024695500806371812,-0.024695500806371812,-0.024695500806371812,0.018617575500012966,0.018617575500012966,0.018617575500012966,-0.04331307630638478,-0.04331307630638478,-0.04331307630638478,0.0,0.0,0.0,0.6760673376551447
2024-10-25,0.7004957224051225,-0.4310149173127398,1.767798538139113,0.7004957224051225,0.7004957224051225,-0.03680232717618333,-0.03680232717618333,-0.03680232717618333,0.01885769116671427,0.01885769116671427,0.01885769116671427,-0.055660018342897605,-0.055660018342897605,-0.055660018342897605,0.0,0.0,0.0,0.6636933952289391
2024-10-26,0.7002286063487284,-0.4007142802840434,1.688124991621309,0.7002286063487284,0.7002286063487284,-0.026920279533803694,-0.026920279533803694,-0.026920279533803694,0.03830155464743667,0.03830155464743667,0.03830155464743667,-0.06522183418124036,-0.06522183418124036,-0.06522183418124036,0.0,0.0,0.0,0.6733083268149247
2024-10-27,0.6999614902923345,-0.46364155263236484,1.6054960574529789,0.6999614902923345,0.6999614902923345,-0.11973255248557002,-0.11973255248557002,-0.11973255248557002,-0.04789596465649208,-0.04789596465649208,-0.04789596465649208,-0.07183658782907792,-0.07183658782907792,-0.07183658782907792,0.0,0.0,0.0,0.5802289378067644
2024-10-28,0.6996943742359405,-0.35687669818112017,1.7753859837576582,0.6996943742359405,0.6996943742359405,-0.034311491165395155,-0.034311491165395155,-0.034311491165395155,0.04110505439413492,0.04110505439413492,0.04110505439413492,-0.07541654555953008,-0.07541654555953008,-0.07541654555953008,0.0,0.0,0.0,0.6653828830705454
2024-10-29,0.6994272581795463,-0.5996462981826509,1.5979503686539576,0.6994272581795463,0.6994272581795463,-0.22475232034309045,-0.22475232034309045,-0.22475232034309045,-0.14880231483537854,-0.14880231483537854,-0.14880231483537854,-0.07595000550771194,-0.07595000550771194,-0.07595000550771194,0.0,0.0,0.0,0.47467493783645587
2024-10-30,0.6991601421231521,-0.34674709098405515,1.7885785594265642,0.6991601421231521,0.6991601421231521,0.0063151964991254445,0.0063151964991254445,0.0063151964991254445,0.07981640378313545,0.07981640378313545,0.07981640378313545,-0.07350120728401001,-0.07350120728401001,-0.07350120728401001,0.0,0.0,0.0,0.7054753386222776
2024-10-31,0.6988930259319169,-0.37286612066722574,1.7557351650768909,0.6988930259319169,0.6988930259319169,-0.04959074948486697,-0.04959074948486697,-0.04959074948486697,0.018617575500174822,0.018617575500174822,0.018617575500174822,-0.0682083249850418,-0.0682083249850418,-0.0682083249850418,0.0,0.0,0.0,0.64930227644705
2024-11-01,0.6986259097406816,-0.38091659715820153,1.7299865907388832,0.6986259097406816,0.6986259097406816,-0.04142190557061205,-0.04142190557061205,-0.04142190557061205,0.018857691166542425,0.018857691166542425,0.018857691166542425,-0.060279596737154474,-0.060279596737154474,-0.060279596737154474,0.0,0.0,0.0,0.6572040041700695
2024-11-02,0.6983587935494462,-0.33836030727771094,1.7730306844906965,0.6983587935494462,0.6983587935494462,-0.01168613772629318,-0.01168613772629318,-0.01168613772629318,0.03830155464701886,0.03830155464701886,0.03830155464701886,-0.049987692373312034,-0.049987692373312034,-0.049987692373312034,0.0,0.0,0.0,0.686672655823153
2024-11-03,0.6980916773582109,-0.5077887241835706,1.632483561047846,0.6980916773582109,0.6980916773582109,-0.08555843137457653,-0.08555843137457653,-0.08555843137457653,-0.04789596465619886,-0.04789596465619886,-0.04789596465619886,-0.03766246671837767,-0.03766246671837767,-0.03766246671837767,0.0,0.0,0.0,0.6125332459836343
2024-11-04,0.6978245611669756,-0.36860767609642675,1.8189298323180714,0.6978245611669756,0.6978245611669756,0.01742276637337224,0.01742276637337224,0.01742276637337224,0.041105054394119975,0.041105054394119975,0.041105054394119975,-0.023682288020747733,-0.023682288020747733,-0.023682288020747733,0.0,0.0,0.0,0.7152473275403478
2024-11-05,0.6975574449757402,-0.47916368712793644,1.6583940131667456,0.6975574449757402,0.6975574449757402,-0.1572664830104994,-0.1572664830104994,-0.1572664830104994,-0.1488023148355802,-0.1488023148355802,-0.1488023148355802,-0.008464168174919167,-0.008464168174919167,-0.008464168174919167,0.0,0.0,0.0,0.5402909619652408
2024-11-06,0.6972903287845049,-0.30460700494967324,1.8161109434690426,0.6972903287845049,0.6972903287845049,0.0873634512437543,0.0873634512437543,0.0873634512437543,0.07981640378348243,0.07981640378348243,0.07981640378348243,0.007547047460271881,0.007547047460271881,0.007547047460271881,0.0,0.0,0.0,0.7846537800282593
2024-11-07,0.6970232125932696,-0.35607497273751315,1.8765781997228361,0.6970232125932696,0.6970232125932696,0.04250772398614637,0.04250772398614637,0.04250772398614637,0.018617575500288967,0.018617575500288967,0.018617575500288967,0.023890148485857403,0.023890148485857403,0.023890148485857403,0.0,0.0,0.0,0.7395309365794159
2024-11-08,0.6967560964020342,-0.3448845707782524,1.8481718803920415,0.6967560964020342,0.6967560964020342,0.05895707823687596,0.05895707823687596,0.05895707823687596,0.018857691166551935,0.018857691166551935,0.018857691166551935,0.040099387070324025,0.040099387070324025,0.040099387070324025,0.0,0.0,0.0,0.7557131746389101
2024-11-09,0.6964889802107989,-0.24799004778078498,1.8869330699737825,0.6964889802107989,0.6964889802107989,0.09401791135673918,0.09401791135673918,0.09401791135673918,0.038301554647161146,0.038301554647161146,0.038301554647161146,0.05571635670957803,0.05571635670957803,0.05571635670957803,0.0,0.0,0.0,0.7905068915675381
2024-11-10,0.6962218640195637,-0.36502589901262755,1.7701474822695216,0.6962218640195637,0.6962218640195637,0.022405648659415904,0.022405648659415904,0.022405648659415904,-0.04789596465670377,-0.04789596465670377,-0.04789596465670377,0.07030161331611967,0.07030161331611967,0.07030161331611967,0.0,0.0,0.0,0.7186275126789795
2024-11-11,0.6959547478283281,-0.23133101540588127,1.8571589974077878,0.6959547478283281,0.6959547478283281,0.12455079162207054,0.12455079162207054,0.12455079162207054,0.041105054394386636,0.041105054394386636,0.041105054394386636,0.08344573722768389,0.08344573722768389,0.08344573722768389,0.0,0.0,0.0,0.8205055394503986
2024-11-12,0.6956876316370929,-0.34385558495042423,1.698264643510672,0.6956876316370929,0.6956876316370929,-0.054022764682108045,-0.054022764682108045,-0.054022764682108045,-0.1488023148354165,-0.1488023148354165,-0.1488023148354165,0.09477955015330847,0.09477955015330847,0.09477955015330847,0.0,0.0,0.0,0.6416648669549848
2024-11-13,0.6954205154458576,-0.2297195566339336,1.965783097864712,0.6954205154458576,0.6954205154458576,0.18379962789327992,0.18379962789327992,0.18379962789327992,0.0798164037838294,0.0798164037838294,0.0798164037838294,0.10398322410945052,0.10398322410945052,0.10398322410945052,0.0,0.0,0.0,0.8792201433391376
2024-11-14,0.6951533992546223,-0.25582626587126195,1.9191855509326974,0.6951533992546223,0.6951533992546223,0.12941162491869365,0.12941162491869365,0.12941162491869365,0.01861757549986364,0.01861757549986364,0.01861757549986364,0.11079404941883002,0.11079404941883002,0.11079404941883002,0.0,0.0,0.0,0.8245650241733159
2024-11-15,0.6948862830633868,-0.1979289676650685,1.8834700866168075,0.6948862830633868,0.6948862830633868,0.13387035621396193,0.13387035621396193,0.13387035621396193,0.0188576911663801,0.0188576911663801,0.0188576911663801,0.11501266504758183,0.11501266504758183,0.11501266504758183,0.0,0.0,0.0,0.8287566392773488
2024-11-16,0.6946191668721515,-0.16219956035963806,1.9468895980794738,0.6946191668721515,0.6946191668721515,0.15480915060518854,0.15480915060518854,0.15480915060518854,0.038301554646661885,0.038301554646661885,0.038301554646661885,0.11650759595852667,0.11650759595852667,0.11650759595852667,0.0,0.0,0.0,0.84942831747734
2024-11-17,0.6943520506809163,-0.31776001187339764,1.8665718456975675,0.6943520506809163,0.6943520506809163,0.06732202299281613,0.06732202299281613,0.06732202299281613,-0.047895964656410536,-0.047895964656410536,-0.047895964656410536,0.11521798764922667,0.11521798764922667,0.11521798764922667,0.0,0.0,0.0,0.7616740736737324
2024-11-18,0.6940849344896809,-0.2242455007228322,1.9291991713618057,0.6940849344896809,0.6940849344896809,0.152259530776992,0.152259530776992,0.152259530776992,0.04110505439437168,0.04110505439437168,0.04110505439437168,0.11115447638262034,0.11115447638262034,0.11115447638262034,0.0,0.0,0.0,0.846344465266673
2024-11-19,0.6938178182984456,-0.3393670470315033,1.720020014098581,0.6938178182984456,0.6938178182984456,-0.044404131332253065,-0.044404131332253065,-0.044404131332253065,-0.14880231483547804,-0.14880231483547804,-0.14880231483547804,0.10439818350322498,0.10439818350322498,0.10439818350322498,0.0,0.0,0.0,0.6494136869661925
2024-11-20,0.6935507021072103,-0.25705491378828965,1.9441491991289634,0.6935507021072103,0.6935507021072103,0.17491427608701782,0.17491427608701782,0.17491427608701782,0.07981640378381451,0.07981640378381451,0.07981640378381451,0.09509787230320327,0.09509787230320327,0.09509787230320327,0.0,0.0,0.0,0.8684649781942281
2024-11-21,0.6932835859159748,-0.18948294027211757,1.9233801917475424,0.6932835859159748,0.6932835859159748,0.10208293031039287,0.10208293031039287,0.10208293031039287,0.018617575500517243,0.018617575500517243,0.018617575500517243,0.0834653548098756,0.0834653548098756,0.0834653548098756,0.0,0.0,0.0,0.7953665162263677
2024-11-22,0.6930164697247396,-0.27212789323415254,1.7834137257061775,0.6930164697247396,0.6930164697247396,0.08862697344143267,0.08862697344143267,0.08862697344143267,0.018857691166208265,0.018857691166208265,0.018857691166208265,0.0697692822752244,0.0697692822752244,0.0697692822752244,0.0,0.0,0.0,0.7816434431661723
2024-11-23,0.6927493537344802,-0.27873018609940786,1.845104059061847,0.6927493537344802,0.6927493537344802,0.09262905045195852,0.09262905045195852,0.09262905045195852,0.03830155464736429,0.03830155464736429,0.03830155464736429,0.054327495804594235,0.054327495804594235,0.054327495804594235,0.0,0.0,0.0,0.7853784041864387
2024-11-24,0.6924822377442207,-0.41366504496807793,1.749423046508489,0.6924822377442207,0.6924822377442207,-0.010397813342558357,-0.010397813342558357,-0.010397813342558357,-0.04789596465611731,-0.04789596465611731,-0.04789596465611731,0.03749815131355896,0.03749815131355896,0.03749815131355896,0.0,0.0,0.0,0.6820844244016623
2024-11-25,0.6922151217539612,-0.2479125904814446,1.8205718489226903,0.6922151217539612,0.6922151217539612,0.060774919215172335,0.060774919215172335,0.060774919215172335,0.041105054394356744,0.041105054394356744,0.041105054394356744,0.019669864820815595,0.019669864820815595,0.019669864820815595,0.0,0.0,0.0,0.7529900409691335
2024-11-26,0.6919480057637017,-0.5683980607855561,1.6685929388011875,0.6919480057637017,0.6919480057637017,-0.14755116571323856,-0.14755116571323856,-0.14755116571323856,-0.14880231483542697,-0.14880231483542697,-0.14880231483542697,0.0012511491221884209,0.0012511491221884209,0.0012511491221884209,0.0,0.0,0.0,0.5443968400504632
2024-11-27,0.6916808897734422,-0.30662442139702656,1.7599386243413615,0.6916808897734422,0.6916808897734422,0.06247583425775725,0.06247583425775725,0.06247583425775725,0.07981640378378982,0.07981640378378982,0.07981640378378982,-0.017340569526032586,-0.017340569526032586,-0.017340569526032586,0.0,0.0,0.0,0.7541567240311995
2024-11-28,0.6914137737831828,-0.4205046682605288,1.7211393916860669,0.6914137737831828,0.6914137737831828,-0.017072480926588664,-0.017072480926588664,-0.017072480926588664,0.018617575500091913,0.018617575500091913,0.018617575500091913,-0.03569005642668058,-0.03569005642668058,-0.03569005642668058,0.0,0.0,0.0,0.6743412928565942
2024-11-29,0.6911466577929233,-0.36473432616240636,1.788625042245932,0.6911466577929233,0.6911466577929233,-0.03453750421098432,-0.03453750421098432,-0.03453750421098432,0.018857691166036427,0.018857691166036427,0.018857691166036427,-0.05339519537702075,-0.05339519537702075,-0.05339519537702075,0.0,0.0,0.0,0.6566091535819389
2024-11-30,0.6908795418026638,-0.44957590725293617,1.6976533634400803,0.6908795418026638,0.6908795418026638,-0.031775889776659925,-0.031775889776659925,-0.031775889776659925,0.03830155464694646,0.03830155464694646,0.03830155464694646,-0.07007744442360639,-0.07007744442360639,-0.07007744442360639,0.0,0.0,0.0,0.6591036520260039
2024-12-01,0.6906124258124045,-0.5306400581763481,1.6223160943101427,0.6906124258124045,0.6906124258124045,-0.1332875066655552,-0.1332875066655552,-0.1332875066655552,-0.04789596465622315,-0.04789596465622315,-0.04789596465622315,-0.08539154200933205,-0.08539154200933205,-0.08539154200933205,0.0,0.0,0.0,0.5573249191468492
2024-12-02,0.6903453098221448,-0.44729529757991066,1.7400108767894287,0.6903453098221448,0.6903453098221448,-0.05792915291787852,-0.05792915291787852,-0.05792915291787852,0.041105054394623405,0.041105054394623405,0.041105054394623405,-0.09903420731250193,-0.09903420731250193,-0.09903420731250193,0.0,0.0,0.0,0.6324161569042663
2024-12-03,0.6900781938318855,-0.6811262454450693,1.432521365708624,0.6900781938318855,0.6900781938318855,-0.2595539225616069,-0.2595539225616069,-0.2595539225616069,-0.14880231483537587,-0.14880231483537587,-0.14880231483537587,-0.11075160772623102,-0.11075160772623102,-0.11075160772623102,0.0,0.0,0.0,0.4305242712702786
2024-12-04,0.689811077841626,-0.40605810675599985,1.7118967444907827,0.689811077841626,0.689811077841626,-0.04052899788879717,-0.04052899788879717,-0.04052899788879717,0.07981640378341306,0.07981640378341306,0.07981640378341306,-0.12034540167221024,-0.12034540167221024,-0.12034540167221024,0.0,0.0,0.0,0.6492820799528288
2024-12-05,0.6895439618513666,-0.48538868101571364,1.6305409848596997,0.6895439618513666,0.6895439618513666,-0.10905962979821635,-0.10905962979821635,-0.10905962979821635,0.01861757550079325,0.01861757550079325,0.01861757550079325,-0.1276772052990096,-0.1276772052990096,-0.1276772052990096,0.0,0.0,0.0,0.5804843320531502
2024-12-06,0.689276845861107,-0.5273003239801739,1.6538901462429567,0.689276845861107,0.689276845861107,-0.11381368477422127,-0.11381368477422127,-0.11381368477422127,0.018857691166474802,0.018857691166474802,0.018857691166474802,-0.13267137594069608,-0.13267137594069608,-0.13267137594069608,0.0,0.0,0.0,0.5754631610868858
2024-12-07,0.6890097298708475,-0.40906182647697925,1.676506182506324,0.6890097298708475,0.6890097298708475,-0.09701449763026955,-0.09701449763026955,-0.09701449763026955,0.03830155464708875,0.03830155464708875,0.03830155464708875,-0.1353160522773583,-0.1353160522773583,-0.1353160522773583,0.0,0.0,0.0,0.5919952322405779
2024-12-08,0.6887426138805881,-0.538251794154362,1.5430389139958218,0.6887426138805881,0.6887426138805881,-0.18355840427751186,-0.18355840427751186,-0.18355840427751186,-0.04789596465584734,-0.04789596465584734,-0.04789596465584734,-0.13566243962166452,-0.13566243962166452,-0.13566243962166452,0.0,0.0,0.0,0.5051842096030763
2024-12-09,0.6884754978903286,-0.5511273587346739,1.6450966187603961,0.6884754978903286,0.6884754978903286,-0.09271732291641603,-0.09271732291641603,-0.09271732291641603,0.04110505439444949,0.04110505439444949,0.04110505439444949,-0.1338223773108655,-0.1338223773108655,-0.1338223773108655,0.0,0.0,0.0,0.5957581749739126
2024-12-10,0.688208381900069,-0.7432133650488899,1.5169387599368644,0.688208381900069,0.688208381900069,-0.27876658729221926,-0.27876658729221926,-0.27876658729221926,-0.1488023148353248,-0.1488023148353248,-0.1488023148353248,-0.1299642724568945,-0.1299642724568945,-0.1299642724568945,0.0,0.0,0.0,0.4094417946078498
2024-12-11,0.6879412659098096,-0.4593191267283982,1.7224440515511348,0.6879412659098096,0.6879412659098096,-0.04449112520484726,-0.04449112520484726,-0.04449112520484726,0.07981640378376004,0.07981640378376004,0.07981640378376004,-0.12430752898860728,-0.12430752898860728,-0.12430752898860728,0.0,0.0,0.0,0.6434501407049624
2024-12-12,0.6876741499195502,-0.4813563053660239,1.6501152353762636,0.6876741499195502,0.6876741499195502,-0.09849806627318866,-0.09849806627318866,-0.09849806627318866,0.018617575500367918,0.018617575500367918,0.018617575500367918,-0.11711564177355659,-0.11711564177355659,-0.11711564177355659,0.0,0.0,0.0,0.5891760836463615
2024-12-13,0.6874070339292908,-0.41051169373944124,1.6829495792896092,0.6874070339292908,0.6874070339292908,-0.08983047033385164,-0.08983047033385164,-0.08983047033385164,0.018857691166484315,0.018857691166484315,0.018857691166484315,-0.10868816150033594,-0.10868816150033594,-0.10868816150033594,0.0,0.0,0.0,0.5975765635954392
2024-12-14,0.6871399179390313,-0.4417136594822085,1.6899901767092769,0.6871399179390313,0.6871399179390313,-0.06105021131155458,-0.06105021131155458,-0.06105021131155458,0.03830155464723105,0.03830155464723105,0.03830155464723105,-0.09935176595878564,-0.09935176595878564,-0.09935176595878564,0.0,0.0,0.0,0.6260897066274766
2024-12-15,0.6868728019487719,-0.49688394360175353,1.5715663900163999,0.6868728019487719,0.6868728019487719,-0.1373466612020863,-0.1373466612020863,-0.1373466612020863,-0.04789596465635224,-0.04789596465635224,-0.04789596465635224,-0.08945069654573407,-0.08945069654573407,-0.08945069654573407,0.0,0.0,0.0,0.5495261407466856
2024-12-16,0.6866056859585123,-0.3931661506382898,1.81147689446886,0.6866056859585123,0.6866056859585123,-0.0382317802361206,-0.0382317802361206,-0.0382317802361206,0.041105054394593527,0.041105054394593527,0.041105054394593527,-0.07933683463071413,-0.07933683463071413,-0.07933683463071413,0.0,0.0,0.0,0.6483739057223917
2024-12-17,0.6863385798379995,-0.5319931490087006,1.5223512649071922,0.6863385798379995,0.6863385798379995,-0.21816201525504855,-0.21816201525504855,-0.21816201525504855,-0.1488023148353863,-0.1488023148353863,-0.1488023148353863,-0.0693597004196622,-0.0693597004196622,-0.0693597004196622,0.0,0.0,0.0,0.468176564582951
2024-12-18,0.6860714737174866,-0.430772831179461,1.8357201032616732,0.6860714737174866,0.6860714737174866,0.019959746829445787,0.019959746829445787,0.019959746829445787,0.07981640378374516,0.07981640378374516,0.07981640378374516,-0.05985665695429937,-0.05985665695429937,-0.05985665695429937,0.0,0.0,0.0,0.7060312205469323
2024-12-19,0.6858043675969737,-0.4390030845526962,1.7300260194804544,0.6858043675969737,0.6858043675969737,-0.03252601841226205,-0.03252601841226205,-0.03252601841226205,0.0186175754999426,0.0186175754999426,0.0186175754999426,-0.051143593912204646,-0.051143593912204646,-0.051143593912204646,0.0,0.0,0.0,0.6532783491847116
2024-12-20,0.6855372614764609,-0.3899801089634624,1.6428547111890175,0.6855372614764609,0.6855372614764609,-0.02464865901569788,-0.02464865901569788,-0.02464865901569788,0.018857691166922687,0.018857691166922687,0.018857691166922687,-0.04350635018262057,-0.04350635018262057,-0.04350635018262057,0.0,0.0,0.0,0.660888602460763
2024-12-21,0.6852701553559479,-0.3825313727855525,1.8063637215898911,0.6852701553559479,0.6852701553559479,0.0011084433983966349,0.0011084433983966349,0.0011084433983966349,0.03830155464737333,0.03830155464737333,0.03830155464737333,-0.0371931112489767,-0.0371931112489767,-0.0371931112489767,0.0,0.0,0.0,0.6863785987543446
2024-12-22,0.6850030492354351,-0.45908677764003364,1.6885471018368927,0.6850030492354351,0.6850030492354351,-0.08030395254870779,-0.08030395254870779,-0.08030395254870779,-0.04789596465645807,-0.04789596465645807,-0.04789596465645807,-0.03240798789224972,-0.03240798789224972,-0.03240798789224972,0.0,0.0,0.0,0.6046990966867273
2024-12-23,0.6847359431149223,-0.3949802109578778,1.7588347739970793,0.6847359431149223,0.6847359431149223,0.011799106902297737,0.011799106902297737,0.011799106902297737,0.04110505439441961,0.04110505439441961,0.04110505439441961,-0.02930594749212187,-0.02930594749212187,-0.02930594749212187,0.0,0.0,0.0,0.6965350500172199
2024-12-24,0.6844688369944092,-0.5740990171836605,1.6009364413643334,0.6844688369944092,0.6844688369944092,-0.17679154410568151,-0.17679154410568151,-0.17679154410568151,-0.14880231483547537,-0.14880231483547537,-0.14880231483547537,-0.027989229270206136,-0.027989229270206136,-0.027989229270206136,0.0,0.0,0.0,0.5076772928887276
2024-12-25,0.6842017308738964,-0.3608016393984084,1.8250784362269963,0.6842017308738964,0.6842017308738964,0.0513110724521145,0.0513110724521145,0.0513110724521145,0.07981640378373027,0.07981640378373027,0.07981640378373027,-0.02850533133161578,-0.02850533133161578,-0.02850533133161578,0.0,0.0,0.0,0.7355128033260109
2024-12-26,0.6839346247533834,-0.368242321072231,1.7723060454765376,0.6839346247533834,0.6839346247533834,-0.012229036077621696,-0.012229036077621696,-0.012229036077621696,0.018617575500596197,0.018617575500596197,0.018617575500596197,-0.030846611578217893,-0.030846611578217893,-0.030846611578217893,0.0,0.0,0.0,0.6717055886757617
2024-12-27,0.6836675186328706,-0.3988099256703073,1.756924163315566,0.6836675186328706,0.6836675186328706,-0.016093806620431438,-0.016093806620431438,-0.016093806620431438,0.01885769116614064,0.01885769116614064,0.01885769116614064,-0.034951497786572076,-0.034951497786572076,-0.034951497786572076,0.0,0.0,0.0,0.6675737120124391
2024-12-28,0.6834004125123576,-0.4999424824979726,1.7769818721308006,0.6834004125123576,0.6834004125123576,-0.0024057010691708007,-0.0024057010691708007,-0.0024057010691708007,0.03830155464695552,0.03830155464695552,0.03830155464695552,-0.04070725571612632,-0.04070725571612632,-0.04070725571612632,0.0,0.0,0.0,0.6809947114431868
2024-12-29,0.6831333063918448,-0.5062439320406981,1.6582627572913535,0.6831333063918448,0.6831333063918448,-0.0958501840091209,-0.0958501840091209,-0.0958501840091209,-0.04789596465648133,-0.04789596465648133,-0.04789596465648133,-0.04795421935263957,-0.04795421935263957,-0.04795421935263957,0.0,0.0,0.0,0.5872831223827238
2024-12-30,0.6828662002713319,-0.33734256231131643,1.8251366827869115,0.6828662002713319,0.6828662002713319,-0.015386291187147062,-0.015386291187147062,-0.015386291187147062,0.04110505439424568,0.04110505439424568,0.04110505439424568,-0.056491345581392745,-0.056491345581392745,-0.056491345581392745,0.0,0.0,0.0,0.6674799090841849
2024-12-31,0.6825990941508189,-0.6310096884677767,1.5596884627578598,0.6825990941508189,0.6825990941508189,-0.2148852327436647,-0.2148852327436647,-0.2148852327436647,-0.1488023148355369,-0.1488023148355369,-0.1488023148355369,-0.06608291790812779,-0.06608291790812779,-0.06608291790812779,0.0,0.0,0.0,0.4677138614071542
2025-01-01,0.682331988030306,-0.34994301241374853,1.7249712618771489,0.682331988030306,0.682331988030306,0.003350212403799447,0.003350212403799447,0.003350212403799447,0.07981640378371538,0.07981640378371538,0.07981640378371538,-0.07646619137991592,-0.07646619137991592,-0.07646619137991592,0.0,0.0,0.0,0.6856822004341054
2025-01-02,0.6820648819097932,-0.5056341899547612,1.6444711431164933,0.6820648819097932,0.6820648819097932,-0.06874216901564234,-0.06874216901564234,-0.06874216901564234,0.018617575500170867,0.018617575500170867,0.018617575500170867,-0.08735974451581321,-0.08735974451581321,-0.08735974451581321,0.0,0.0,0.0,0.6133227128941509
2025-01-03,0.6817977757892802,-0.4570091284307075,1.6390908251592384,0.6817977757892802,0.6817977757892802,-0.07961459342226329,-0.07961459342226329,-0.07961459342226329,0.018857691166579024,0.018857691166579024,0.018857691166579024,-0.09847228458884233,-0.09847228458884233,-0.09847228458884233,0.0,0.0,0.0,0.602183182367017
2025-01-04,0.6815306696687674,-0.579687735425725,1.585387285272836,0.6815306696687674,0.6815306696687674,-0.07121008590367461,-0.07121008590367461,-0.07121008590367461,0.038301554647016366,0.038301554647016366,0.038301554647016366,-0.10951164055069099,-0.10951164055069099,-0.10951164055069099,0.0,0.0,0.0,0.6103205837650928
2025-01-05,0.6812635635482545,-0.5719939024636492,1.5119805480469974,0.6812635635482545,0.6812635635482545,-0.16808963825391113,-0.16808963825391113,-0.16808963825391113,-0.04789596465618811,-0.04789596465618811,-0.04789596465618811,-0.120193673597723,-0.120193673597723,-0.120193673597723,0.0,0.0,0.0,0.5131739252943434
2025-01-06,0.6809964574277416,-0.48992321442481923,1.7515424218423625,0.6809964574277416,0.6809964574277416,-0.08914578454988245,-0.08914578454988245,-0.08914578454988245,0.04110505439438973,0.04110505439438973,0.04110505439438973,-0.1302508389442722,-0.1302508389442722,-0.1302508389442722,0.0,0.0,0.0,0.5918506728778592
2025-01-07,0.6807293513072287,-0.6812054502957603,1.5107914332085608,0.6807293513072287,0.6807293513072287,-0.28824245853546543,-0.28824245853546543,-0.28824245853546543,-0.1488023148353732,-0.1488023148353732,-0.1488023148353732,-0.1394401437000922,-0.1394401437000922,-0.1394401437000922,0.0,0.0,0.0,0.39248689277176324
2025-01-08,0.6804622451867158,-0.4660862979984068,1.6361390108825447,0.6804622451867158,0.6804622451867158,-0.0677338607109215,-0.0677338607109215,-0.0677338607109215,0.0798164037833288,0.0798164037833288,0.0798164037833288,-0.1475502644942503,-0.1475502644942503,-0.1475502644942503,0.0,0.0,0.0,0.6127283844757944
2025-01-09,0.680195139360823,-0.5646743841781637,1.6366680812596477,0.680195139360823,0.680195139360823,-0.13579003860784009,-0.13579003860784009,-0.13579003860784009,0.018617575500332727,0.018617575500332727,0.018617575500332727,-0.15440761410817283,-0.15440761410817283,-0.15440761410817283,0.0,0.0,0.0,0.5444051007529829
2025-01-10,0.6799280335349301,-0.4491036426917121,1.6490175743273858,0.6799280335349301,0.6799280335349301,-0.1410234869660761,-0.1410234869660761,-0.1410234869660761,0.018857691167017403,0.018857691167017403,0.018857691167017403,-0.1598811781330935,-0.1598811781330935,-0.1598811781330935,0.0,0.0,0.0,0.538904546568854
2025-01-11,0.6796609277090373,-0.46372159871364765,1.5704586438451809,0.6796609277090373,0.6796609277090373,-0.1255844249823398,-0.1255844249823398,-0.1255844249823398,0.03830155464659855,0.03830155464659855,0.03830155464659855,-0.1638859796289383,-0.1638859796289383,-0.1638859796289383,0.0,0.0,0.0,0.5540765027266975
2025-01-12,0.6793938218831446,-0.6992889042326568,1.5316578336878737,0.6793938218831446,0.6793938218831446,-0.2142810355202944,-0.2142810355202944,-0.2142810355202944,-0.047895964656293935,-0.047895964656293935,-0.047895964656293935,-0.16638507086400048,-0.16638507086400048,-0.16638507086400048,0.0,0.0,0.0,0.46511278636285014
2025-01-13,0.6791267160572518,-0.4556201744886514,1.6898174427579247,0.6791267160572518,0.6791267160572518,-0.1262849408777717,-0.1262849408777717,-0.1262849408777717,0.041105054394215815,0.041105054394215815,0.041105054394215815,-0.1673899952719875,-0.1673899952719875,-0.1673899952719875,0.0,0.0,0.0,0.5528417751794801
2025-01-14,0.6788596102313591,-0.7378811113923475,1.4596985740902304,0.6788596102313591,0.6788596102313591,-0.31576202333469916,-0.31576202333469916,-0.31576202333469916,-0.14880231483543477,-0.14880231483543477,-0.14880231483543477,-0.16695970849926436,-0.16695970849926436,-0.16695970849926436,0.0,0.0,0.0,0.36309758689665994
2025-01-15,0.6785925044054663,-0.4286389975376719,1.600020832682177,0.6785925044054663,0.6785925044054663,-0.08538158972311798,-0.08538158972311798,-0.08538158972311798,0.07981640378331392,0.07981640378331392,0.07981640378331392,-0.16519799350643188,-0.16519799350643188,-0.16519799350643188,0.0,0.0,0.0,0.5932109146823483
2025-01-16,0.6783253985795734,-0.4900571253770089,1.6441875002765363,0.6783253985795734,0.6783253985795734,-0.14363187430399804,-0.14363187430399804,-0.14363187430399804,0.018617575499907408,0.018617575499907408,0.018617575499907408,-0.16224944980390543,-0.16224944980390543,-0.16224944980390543,0.0,0.0,0.0,0.5346935242755754
2025-01-17,0.6780582927536806,-0.5896696150954746,1.6396996667833643,0.6780582927536806,0.6780582927536806,-0.13943648856257576,-0.13943648856257576,-0.13943648856257576,0.018857691166235344,0.018857691166235344,0.018857691166235344,-0.1582941797288111,-0.1582941797288111,-0.1582941797288111,0.0,0.0,0.0,0.5386218041911048
2025-01-18,0.6777911869277877,-0.5228348869144321,1.5951360926146634,0.6777911869277877,0.6777911869277877,-0.11523977932157004,-0.11523977932157004,-0.11523977932157004,0.03830155464786106,0.03830155464786106,0.03830155464786106,-0.1535413339694311,-0.1535413339694311,-0.1535413339694311,0.0,0.0,0.0,0.5625514076062177
2025-01-19,0.6775240811018951,-0.5598611870517657,1.5377022431846497,0.6775240811018951,0.6775240811018951,-0.19611767782554623,-0.19611767782554623,-0.19611767782554623,-0.04789596465639978,-0.04789596465639978,-0.04789596465639978,-0.14822171316914648,-0.14822171316914648,-0.14822171316914648,0.0,0.0,0.0,0.48140640327634887
2025-01-20,0.6772569752760023,-0.5942918140634833,1.68606373215852,0.6772569752760023,0.6772569752760023,-0.10147459698319028,-0.10147459698319028,-0.10147459698319028,0.04110505439448246,0.04110505439448246,0.04110505439448246,-0.14257965137767276,-0.14257965137767276,-0.14257965137767276,0.0,0.0,0.0,0.575782378292812
2025-01-21,0.6769898694501095,-0.6614304065077549,1.452990613399208,0.6769898694501095,0.6769898694501095,-0.28566674435513695,-0.28566674435513695,-0.28566674435513695,-0.14880231483549627,-0.14880231483549627,-0.14880231483549627,-0.1368644295196407,-0.1368644295196407,-0.1368644295196407,0.0,0.0,0.0,0.3913231250949726
2025-01-22,0.6767227636242167,-0.3819381366130417,1.7671748218779098,0.6767227636242167,0.6767227636242167,-0.05150507846076792,-0.05150507846076792,-0.05150507846076792,0.0798164037836609,0.0798164037836609,0.0798164037836609,-0.13132148224442883,-0.13132148224442883,-0.13132148224442883,0.0,0.0,0.0,0.6252176851634488
2025-01-23,0.6764556577983238,-0.5139710961738422,1.601457657206992,0.6764556577983238,0.6764556577983238,-0.10756609355634811,-0.10756609355634811,-0.10756609355634811,0.018617575500021542,0.018617575500021542,0.018617575500021542,-0.12618366905636966,-0.12618366905636966,-0.12618366905636966,0.0,0.0,0.0,0.5688895642419758
2025-01-24,0.6761885519724311,-0.5076742243588932,1.6373745730771672,0.6761885519724311,0.6761885519724311,-0.10280518908142622,-0.10280518908142622,-0.10280518908142622,0.01885769116667373,0.01885769116667373,0.01885769116667373,-0.12166288024809996,-0.12166288024809996,-0.12166288024809996,0.0,0.0,0.0,0.5733833628910049
2025-01-25,0.6759214461465384,-0.42638608073569284,1.613795954743797,0.6759214461465384,0.6759214461465384,-0.07964068521520545,-0.07964068521520545,-0.07964068521520545,0.038301554647361805,0.038301554647361805,0.038301554647361805,-0.11794223986256724,-0.11794223986256724,-0.11794223986256724,0.0,0.0,0.0,0.596280760931333
2025-01-26,0.6756543403206455,-0.45183499731675447,1.625645191863545,0.6756543403206455,0.6756543403206455,-0.1630651165564272,-0.1630651165564272,-0.1630651165564272,-0.04789596465650563,-0.04789596465650563,-0.04789596465650563,-0.11516915189992157,-0.11516915189992157,-0.11516915189992157,0.0,0.0,0.0,0.5125892237642183
2025-01-27,0.6753872344947527,-0.5182250223073599,1.6474989243976121,0.6753872344947527,0.6753872344947527,-0.07234435829582905,-0.07234435829582905,-0.07234435829582905,0.041105054394308546,0.041105054394308546,0.041105054394308546,-0.1134494126901376,-0.1134494126901376,-0.1134494126901376,0.0,0.0,0.0,0.6030428761989236
2025-01-28,0.67512012866886,-0.6773249937835027,1.4573032362184406,0.67512012866886,0.67512012866886,-0.2616448972512313,-0.2616448972512313,-0.2616448972512313,-0.1488023148353326,-0.1488023148353326,-0.1488023148353326,-0.11284258241589866,-0.11284258241589866,-0.11284258241589866,0.0,0.0,0.0,0.41347523141762865
2025-01-29,0.6748530228429672,-0.4359391431266119,1.691781717831447,0.6748530228429672,0.6748530228429672,-0.03354236924256868,-0.03354236924256868,-0.03354236924256868,0.07981640378328415,0.07981640378328415,0.07981640378328415,-0.11335877302585283,-0.11335877302585283,-0.11335877302585283,0.0,0.0,0.0,0.6413106536003985
2025-01-30,0.6745859170170744,-0.449540600527816,1.5938769238168633,0.6745859170170744,0.6745859170170744,-0.09633939371471553,-0.09633939371471553,-0.09633939371471553,0.018617575500135687,0.018617575500135687,0.018617575500135687,-0.11495696921485123,-0.11495696921485123,-0.11495696921485123,0.0,0.0,0.0,0.5782465233023588
2025-01-31,0.6743188111911815,-0.5492561336876618,1.5664915695706574,0.6743188111911815,0.6743188111911815,-0.09868726375579293,-0.09868726375579293,-0.09868726375579293,0.018857691166683233,0.018857691166683233,0.018857691166683233,-0.11754495492247616,-0.11754495492247616,-0.11754495492247616,0.0,0.0,0.0,0.5756315474353886
2025-02-01,0.6740517199513045,-0.4552560687101615,1.7451859572050348,0.6740517199513045,0.6740517199513045,-0.08267931649884355,-0.08267931649884355,-0.08267931649884355,0.038301554647504094,0.038301554647504094,0.038301554647504094,-0.12098087114634766,-0.12098087114634766,-0.12098087114634766,0.0,0.0,0.0,0.591372403452461
2025-02-02,0.6737846287114274,-0.592960981813276,1.594108313501242,0.6737846287114274,0.6737846287114274,-0.17297234777134599,-0.17297234777134599,-0.17297234777134599,-0.047895964656212396,-0.047895964656212396,-0.047895964656212396,-0.1250763831151336,-0.1250763831151336,-0.1250763831151336,0.0,0.0,0.0,0.5008122809400815
2025-02-03,0.6735175374715505,-0.4895248020904096,1.6964413035837664,0.6735175374715505,0.6735175374715505,-0.08849633297773707,-0.08849633297773707,-0.08849633297773707,0.041105054394293614,0.041105054394293614,0.041105054394293614,-0.1296013873720307,-0.1296013873720307,-0.1296013873720307,0.0,0.0,0.0,0.5850212044938135
2025-02-04,0.6732504462316734,-0.6780564689319993,1.436175453510241,0.6732504462316734,0.6732504462316734,-0.28309245827452323,-0.28309245827452323,-0.28309245827452323,-0.14880231483553427,-0.14880231483553427,-0.14880231483553427,-0.13429014343898896,-0.13429014343898896,-0.13429014343898896,0.0,0.0,0.0,0.3901579879571502
2025-02-05,0.6729833549917963,-0.42046645086342976,1.6484177461727019,0.6729833549917963,0.6729833549917963,-0.0590322679986234,-0.0590322679986234,-0.0590322679986234,0.07981640378325945,0.07981640378325945,0.07981640378325945,-0.13884867178188284,-0.13884867178188284,-0.13884867178188284,0.0,0.0,0.0,0.6139510869931729
2025-02-06,0.6727162637519193,-0.48073826846668266,1.5681295659658532,0.6727162637519193,0.6727162637519193,-0.12434564551520522,-0.12434564551520522,-0.12434564551520522,0.018617575500249818,0.018617575500249818,0.018617575500249818,-0.14296322101545503,-0.14296322101545503,-0.14296322101545503,0.0,0.0,0.0,0.5483706182367141
2025-02-07,0.6724491725120423,-0.5103138153568894,1.6331141816002277,0.6724491725120423,0.6724491725120423,-0.1274518826332175,-0.1274518826332175,-0.1274518826332175,0.018857691167121615,0.018857691167121615,0.018857691167121615,-0.14630957380033913,-0.14630957380033913,-0.14630957380033913,0.0,0.0,0.0,0.5449972898788248
2025-02-08,0.6721820812721653,-0.5336881620439,1.6418905849267973,0.6721820812721653,0.6721820812721653,-0.11026137902396638,-0.11026137902396638,-0.11026137902396638,0.038301554647086275,0.038301554647086275,0.038301554647086275,-0.14856293367105267,-0.14856293367105267,-0.14856293367105267,0.0,0.0,0.0,0.5619207022481989
2025-02-09,0.6719149900322883,-0.548584055915491,1.5089685496987968,0.6719149900322883,0.6719149900322883,-0.19730407956643475,-0.19730407956643475,-0.19730407956643475,-0.04789596465671729,-0.04789596465671729,-0.04789596465671729,-0.14940811490971745,-0.14940811490971745,-0.14940811490971745,0.0,0.0,0.0,0.4746109104658535
2025-02-10,0.6716478987924112,-0.5392965468125076,1.6833273191163276,0.6716478987924112,0.6716478987924112,-0.10744469075348428,-0.10744469075348428,-0.10744469075348428,0.04110505439427867,0.04110505439427867,0.04110505439427867,-0.14854974514776295,-0.14854974514776295,-0.14854974514776295,0.0,0.0,0.0,0.5642032080389269
2025-02-11,0.6713808075525342,-0.7129840822947605,1.492872380241855,0.6713808075525342,0.6713808075525342,-0.2945245008831749,-0.2945245008831749,-0.2945245008831749,-0.1488023148353706,-0.1488023148353706,-0.1488023148353706,-0.14572218604780435,-0.14572218604780435,-0.14572218604780435,0.0,0.0,0.0,0.37685630666935926
2025-02-12,0.671113716312657,-0.43278223761992063,1.690543548460032,0.671113716312657,0.671113716312657,-0.060882477573340324,-0.060882477573340324,-0.060882477573340324,0.07981640378324456,0.07981640378324456,0.07981640378324456,-0.14069888135658487,-0.14069888135658487,-0.14069888135658487,0.0,0.0,0.0,0.6102312387393167
2025-02-13,0.67084662507278,-0.4399938256278603,1.5873715008494171,0.67084662507278,0.67084662507278,-0.11468327827634107,-0.11468327827634107,-0.11468327827634107,0.0186175754998245,0.0186175754998245,0.0186175754998245,-0.13330085377616557,-0.13330085377616557,-0.13330085377616557,0.0,0.0,0.0,0.556163346796439
2025-02-14,0.670579533832903,-0.45406464751823145,1.6660973781869906,0.670579533832903,0.670579533832903,-0.10454640102074522,-0.10454640102074522,-0.10454640102074522,0.01885769116694978,0.01885769116694978,0.01885769116694978,-0.123404092187695,-0.123404092187695,-0.123404092187695,0.0,0.0,0.0,0.5660331328121578
2025-02-15,0.670312442593026,-0.5054116500787377,1.6724628088345546,0.670312442593026,0.670312442593026,-0.07264404362218908,-0.07264404362218908,-0.07264404362218908,0.038301554646668456,0.038301554646668456,0.038301554646668456,-0.11094559826885753,-0.11094559826885753,-0.11094559826885753,0.0,0.0,0.0,0.5976683989708369
2025-02-16,0.670045351353149,-0.5891136800194278,1.6466983775452175,0.670045351353149,0.670045351353149,-0.1438238604198125,-0.1438238604198125,-0.1438238604198125,-0.047895964656341494,-0.047895964656341494,-0.047895964656341494,-0.095927895763471,-0.095927895763471,-0.095927895763471,0.0,0.0,0.0,0.5262214909333365
2025-02-17,0.6697782601132719,-0.37056887069361016,1.7051176281267837,0.6697782601132719,0.6697782601132719,-0.03731679128092632,-0.03731679128092632,-0.03731679128092632,0.041105054394263714,0.041105054394263714,0.041105054394263714,-0.07842184567519003,-0.07842184567519003,-0.07842184567519003,0.0,0.0,0.0,0.6324614688323456
2025-02-18,0.6695111688733948,-0.6120203360659185,1.5136120721799275,0.6695111688733948,0.6695111688733948,-0.20736997023591808,-0.20736997023591808,-0.20736997023591808,-0.1488023148354321,-0.1488023148354321,-0.1488023148354321,-0.05856765540048596,-0.05856765540048596,-0.05856765540048596,0.0,0.0,0.0,0.4621411986374767
2025-02-19,0.6692440776335179,-0.3405004104579622,1.7849761816091225,0.6692440776335179,0.6692440776335179,0.043242385698632604,0.043242385698632604,0.043242385698632604,0.07981640378359153,0.07981640378359153,0.07981640378359153,-0.03657401808495893,-0.03657401808495893,-0.03657401808495893,0.0,0.0,0.0,0.7124864633321505
2025-02-20,0.6689769863936408,-0.3685749009100238,1.705448485008113,0.6689769863936408,0.6689769863936408,0.005902206532268604,0.005902206532268604,0.005902206532268604,0.018617575500478097,0.018617575500478097,0.018617575500478097,-0.012715368968209493,-0.012715368968209493,-0.012715368968209493,0.0,0.0,0.0,0.6748791929259094
2025-02-21,0.6687098951537638,-0.4159379293882416,1.7893264514991698,0.6687098951537638,0.6687098951537638,0.03153039436155607,0.03153039436155607,0.03153039436155607,0.018857691166349062,0.018857691166349062,0.018857691166349062,0.012672703195207007,0.012672703195207007,0.012672703195207007,0.0,0.0,0.0,0.7002402895153198
2025-02-22,0.6684428039138868,-0.3309458909924435,1.7248141524413405,0.6684428039138868,0.6684428039138868,0.07750135543914274,0.07750135543914274,0.07750135543914274,0.03830155464737087,0.03830155464737087,0.03830155464737087,0.03919980079177188,0.03919980079177188,0.03919980079177188,0.0,0.0,0.0,0.7459441593530295
2025-02-23,0.6681757126740097,-0.4059864362959911,1.7099920894046072,0.6681757126740097,0.6681757126740097,0.018532715772844433,0.018532715772844433,0.018532715772844433,-0.04789596465644731,-0.04789596465644731,-0.04789596465644731,0.06642868042929176,0.06642868042929176,0.06642868042929176,0.0,0.0,0.0,0.6867084284468541
2025-02-24,0.6679086214341325,-0.24428018182751288,1.8686513416710775,0.6679086214341325,0.6679086214341325,0.13498970568348034,0.13498970568348034,0.13498970568348034,0.04110505439408979,0.04110505439408979,0.04110505439408979,0.09388465128939054,0.09388465128939054,0.09388465128939054,0.0,0.0,0.0,0.8028983271176129
2025-02-25,0.6676415316146506,-0.33145553717292936,1.7053675001870587,0.6676415316146506,0.6676415316146506,-0.02773613018285568,-0.02773613018285568,-0.02773613018285568,-0.14880231483538103,-0.14880231483538103,-0.14880231483538103,0.12106618465252533,0.12106618465252533,0.12106618465252533,0.0,0.0,0.0,0.6399054014317949
2025-02-26,0.6673744417951684,-0.172075897769153,1.9822796699701613,0.6673744417951684,0.6673744417951684,0.22727287903758925,0.22727287903758925,0.22727287903758925,0.0798164037839385,0.0798164037839385,0.0798164037839385,0.14745647525365074,0.14745647525365074,0.14745647525365074,0.0,0.0,0.0,0.8946473208327577
2025-02-27,0.6671073519756863,-0.20313652875054666,1.964798194476386,0.6671073519756863,0.6671073519756863,0.19115324206322146,0.19115324206322146,0.19115324206322146,0.0186175755001005,0.0186175755001005,0.0186175755001005,0.17253566656312097,0.17253566656312097,0.17253566656312097,0.0,0.0,0.0,0.8582605940389078
2025-02-28,0.6668402621562042,-0.13868085594326282,1.9921560530528533,0.6668402621562042,0.6668402621562042,0.2146511221903335,0.2146511221903335,0.2146511221903335,0.018857691166177235,0.018857691166177235,0.018857691166177235,0.19579343102415628,0.19579343102415628,0.19579343102415628,0.0,0.0,0.0,0.8814913843465377
2025-03-01,0.666573172336722,-0.27542732489472777,1.8680792049922736,0.666573172336722,0.666573172336722,0.2550431379575089,0.2550431379575089,0.2550431379575089,0.03830155464695304,0.03830155464695304,0.03830155464695304,0.21674158331055582,0.21674158331055582,0.21674158331055582,0.0,0.0,0.0,0.9216163102942309
2025-03-02,0.66630608251724,-0.28286003006689214,1.8654172795062787,0.66630608251724,0.66630608251724,0.18703043553392645,0.18703043553392645,0.18703043553392645,-0.0478959646561541,-0.0478959646561541,-0.0478959646561541,0.23492640019008057,0.23492640019008057,0.23492640019008057,0.0,0.0,0.0,0.8533365180511665
2025-03-03,0.6660389926977578,-0.1658637220389697,2.0161500682344102,0.6660389926977578,0.6660389926977578,0.29104537914889317,0.29104537914889317,0.29104537914889317,0.04110505439451544,0.04110505439451544,0.04110505439451544,0.24994032475437775,0.24994032475437775,0.24994032475437775,0.0,0.0,0.0,0.957084371846651
2025-03-04,0.6657719028782758,-0.2355592648887624,1.8339589357268624,0.6657719028782758,0.6657719028782758,0.11263043068822783,0.11263043068822783,0.11263043068822783,-0.14880231483547007,-0.14880231483547007,-0.14880231483547007,0.26143274552369794,0.26143274552369794,0.26143274552369794,0.0,0.0,0.0,0.7784023335665037
2025-03-05,0.6655048130587936,-0.050541562026998915,2.1378473901209807,0.6655048130587936,0.6655048130587936,0.34893596573815155,0.34893596573815155,0.34893596573815155,0.07981640378356175,0.07981640378356175,0.07981640378356175,0.2691195619545898,0.2691195619545898,0.2691195619545898,0.0,0.0,0.0,1.0144407787969452
2025-03-06,0.6652377232393115,-0.1484335254448102,2.041673833677283,0.6652377232393115,0.6652377232393115,0.2914088521438065,0.2914088521438065,0.2914088521438065,0.018617575500214627,0.018617575500214627,0.018617575500214627,0.2727912766435919,0.2727912766435919,0.2727912766435919,0.0,0.0,0.0,0.956646575383118
2025-03-07,0.6649706334198293,-0.09258261635737186,2.0646548772502507,0.6649706334198293,0.6649706334198293,0.29117708145696014,0.29117708145696014,0.29117708145696014,0.018857691166615606,0.018857691166615606,0.018857691166615606,0.2723193902903445,0.2723193902903445,0.2723193902903445,0.0,0.0,0.0,0.9561477148767894
2025-03-08,0.6647035436003473,-0.09880960861145799,1.9903825655707506,0.6647035436003473,0.6647035436003473,0.30596247197857585,0.30596247197857585,0.30596247197857585,0.03830155464709533,0.03830155464709533,0.03830155464709533,0.2676609173314805,0.2676609173314805,0.2676609173314805,0.0,0.0,0.0,0.9706660155789232
2025-03-09,0.6644364537808651,-0.11570130237541085,1.876738791100413,0.6644364537808651,0.6644364537808651,0.21096492234509207,0.21096492234509207,0.21096492234509207,-0.04789596465586088,-0.04789596465586088,-0.04789596465586088,0.25886088700095294,0.25886088700095294,0.25886088700095294,0.0,0.0,0.0,0.8754013761259571
2025-03-10,0.6641693639613832,-0.14006756641855328,2.040150672303026,0.6641693639613832,0.6641693639613832,0.2871577995679888,0.2871577995679888,0.2871577995679888,0.04110505439434152,0.04110505439434152,0.04110505439434152,0.2460527451736473,0.2460527451736473,0.2460527451736473,0.0,0.0,0.0,0.951327163529372
2025-03-11,0.663902274141901,-0.413117963106486,1.8677778081241252,0.663902274141901,0.663902274141901,0.0806543105629137,0.0806543105629137,0.0806543105629137,-0.148802314835419,-0.148802314835419,-0.148802314835419,0.2294566253983327,0.2294566253983327,0.2294566253983327,0.0,0.0,0.0,0.7445565847048147
2025-03-12,0.6636351843224189,-0.1716808832355923,1.9811336328366593,0.6636351843224189,0.6636351843224189,0.28919191540077227,0.28919191540077227,0.28919191540077227,0.07981640378390872,0.07981640378390872,0.07981640378390872,0.20937551161686357,0.20937551161686357,0.20937551161686357,0.0,0.0,0.0,0.9528270997231911
2025-03-13,0.6633680945029368,-0.22580181985318545,1.9193483918117389,0.6633680945029368,0.6633680945029368,0.2048069442884689,0.2048069442884689,0.2048069442884689,0.018617575499789308,0.018617575499789308,0.018617575499789308,0.1861893687886796,0.1861893687886796,0.1861893687886796,0.0,0.0,0.0,0.8681750387914057
2025-03-14,0.6631010046834547,-0.20651416896878963,1.8302822522030364,0.6631010046834547,0.6631010046834547,0.17920506074721676,0.17920506074721676,0.17920506074721676,0.018857691166443775,0.018857691166443775,0.018857691166443775,0.160347369580773,0.160347369580773,0.160347369580773,0.0,0.0,0.0,0.8423060654306714
2025-03-15,0.6628339148639726,-0.2679961494199378,1.9029472443861661,0.6628339148639726,0.6628339148639726,0.170659948727922,0.170659948727922,0.170659948727922,0.03830155464715618,0.03830155464715618,0.03830155464715618,0.13235839408076583,0.13235839408076583,0.13235839408076583,0.0,0.0,0.0,0.8334938635918946
2025-03-16,0.6625668250444905,-0.2562349052224482,1.8051723355603986,0.6625668250444905,0.6625668250444905,0.05488405921382084,0.05488405921382084,0.05488405921382084,-0.04789596465636578,-0.04789596465636578,-0.04789596465636578,0.10278002387018662,0.10278002387018662,0.10278002387018662,0.0,0.0,0.0,0.7174508842583114
2025-03-17,0.6622997352250083,-0.2616246009767649,1.8455414122846832,0.6622997352250083,0.6622997352250083,0.11331134498687397,0.11331134498687397,0.11331134498687397,0.04110505439448556,0.04110505439448556,0.04110505439448556,0.07220629059238841,0.07220629059238841,0.07220629059238841,0.0,0.0,0.0,0.7756110802118823
2025-03-18,0.6620326454055263,-0.4602311330280852,1.5584337172809657,0.6620326454055263,0.6620326454055263,-0.10754784347228458,-0.10754784347228458,-0.10754784347228458,-0.14880231483548054,-0.14880231483548054,-0.14880231483548054,0.041254471363195946,0.041254471363195946,0.041254471363195946,0.0,0.0,0.0,0.5544848019332418
2025-03-19,0.6617655555860441,-0.2737998736077823,1.7749830400532611,0.6617655555860441,0.6617655555860441,0.09036765194275943,0.09036765194275943,0.09036765194275943,0.07981640378389385,0.07981640378389385,0.07981640378389385,0.01055124815886559,0.01055124815886559,0.01055124815886559,0.0,0.0,0.0,0.7521332075288035
2025-03-20,0.6614984658674994,-0.4257449033152644,1.8029634926064126,0.6614984658674994,0.6614984658674994,-0.0006638594582552811,-0.0006638594582552811,-0.0006638594582552811,0.01861757550049064,0.01861757550049064,0.01861757550049064,-0.01928143495874592,-0.01928143495874592,-0.01928143495874592,0.0,0.0,0.0,0.6608346064092441
2025-03-21,0.6612313761489547,-0.4783447411282937,1.6882503341425366,0.6612313761489547,0.6612313761489547,-0.02878278350825695,-0.02878278350825695,-0.02878278350825695,0.01885769116688215,0.01885769116688215,0.01885769116688215,-0.0476404746751391,-0.0476404746751391,-0.0476404746751391,0.0,0.0,0.0,0.6324485926406977
2025-03-22,0.6609642864304099,-0.4033737623843924,1.7283914905585065,0.6609642864304099,0.6609642864304099,-0.03565377500530735,-0.03565377500530735,-0.03565377500530735,0.03830155464729847,0.03830155464729847,0.03830155464729847,-0.07395532965260582,-0.07395532965260582,-0.07395532965260582,0.0,0.0,0.0,0.6253105114251026
2025-03-23,0.6606971967118652,-0.5387729427651478,1.5834204057893393,0.6606971967118652,0.6606971967118652,-0.1455969922499521,-0.1455969922499521,-0.1455969922499521,-0.04789596465607254,-0.04789596465607254,-0.04789596465607254,-0.09770102759387957,-0.09770102759387957,-0.09770102759387957,0.0,0.0,0.0,0.5151002044619131
2025-03-24,0.6604301069933205,-0.49539462404421775,1.5889188358837243,0.6604301069933205,0.6604301069933205,-0.07730508868303328,-0.07730508868303328,-0.07730508868303328,0.04110505439431164,0.04110505439431164,0.04110505439431164,-0.1184101430773449,-0.1184101430773449,-0.1184101430773449,0.0,0.0,0.0,0.5831250183102872
2025-03-25,0.6601630172747758,-0.6725337288968425,1.4202122973438494,0.6601630172747758,0.6601630172747758,-0.2844857713627415,-0.2844857713627415,-0.2844857713627415,-0.14880231483542947,-0.14880231483542947,-0.14880231483542947,-0.13568345652731206,-0.13568345652731206,-0.13568345652731206,0.0,0.0,0.0,0.3756772459120343
2025-03-26,0.659895927556231,-0.4320726041639582,1.7198194948172996,0.659895927556231,0.659895927556231,-0.06938263357751698,-0.06938263357751698,-0.06938263357751698,0.0798164037835073,0.0798164037835073,0.0798164037835073,-0.14919903736102427,-0.14919903736102427,-0.14919903736102427,0.0,0.0,0.0,0.5905132939787141
2025-03-27,0.6596288378376863,-0.5422839159877504,1.5478931213430354,0.6596288378376863,0.6596288378376863,-0.14010195791524999,-0.14010195791524999,-0.14010195791524999,0.018617575500604777,0.018617575500604777,0.018617575500604777,-0.15871953341585476,-0.15871953341585476,-0.15871953341585476,0.0,0.0,0.0,0.5195268799224364
2025-03-28,0.6593617481191415,-0.5672216653668279,1.5967222791244429,0.6593617481191415,0.6593617481191415,-0.14523980201023018,-0.14523980201023018,-0.14523980201023018,0.018857691166100088,0.018857691166100088,0.018857691166100088,-0.16409749317633027,-0.16409749317633027,-0.16409749317633027,0.0,0.0,0.0,0.5141219461089113
2025-03-29,0.6590946584005968,-0.5089585685505071,1.6440375170989066,0.6590946584005968,0.6590946584005968,-0.12697704129324838,-0.12697704129324838,-0.12697704129324838,0.03830155464688066,0.03830155464688066,0.03830155464688066,-0.16527859594012903,-0.16527859594012903,-0.16527859594012903,0.0,0.0,0.0,0.5321176171073484
2025-03-30,0.6588275686820521,-0.6622254003548759,1.460620104165894,0.6588275686820521,0.6588275686820521,-0.21019868126752742,-0.21019868126752742,-0.21019868126752742,-0.047895964656178396,-0.047895964656178396,-0.047895964656178396,-0.162302716611349,-0.162302716611349,-0.162302716611349,0.0,0.0,0.0,0.44862888741452467
2025-03-31,0.6585604789635073,-0.5313712098589086,1.6123056410827548,0.6585604789635073,0.6585604789635073,-0.1141977505692293,-0.1141977505692293,-0.1141977505692293,0.0411050543945783,0.0411050543945783,0.0411050543945783,-0.1553028049638076,-0.1553028049638076,-0.1553028049638076,0.0,0.0,0.0,0.544362728394278
2025-04-01,0.6582933892449626,-0.6995336837436688,1.422463730260087,0.6582933892449626,0.6582933892449626,-0.2933039274466536,-0.2933039274466536,-0.2933039274466536,-0.14880231483549097,-0.14880231483549097,-0.14880231483549097,-0.14450161261116262,-0.14450161261116262,-0.14450161261116262,0.0,0.0,0.0,0.364989461798309
2025-04-02,0.6580262995264179,-0.4495655895584012,1.6395291000565506,0.6580262995264179,0.6580262995264179,-0.05038994940998711,-0.05038994940998711,-0.05038994940998711,0.07981640378349239,0.07981640378349239,0.07981640378349239,-0.1302063531934795,-0.1302063531934795,-0.1302063531934795,0.0,0.0,0.0,0.6076363501164308
2025-04-03,0.6577592098078732,-0.4769488986237058,1.5935233374225248,0.6577592098078732,0.6577592098078732,-0.09418385561911088,-0.09418385561911088,-0.09418385561911088,0.01861757550071891,0.01861757550071891,0.01861757550071891,-0.11280143111982979,-0.11280143111982979,-0.11280143111982979,0.0,0.0,0.0,0.5635753541887623
2025-04-04,0.6574921200893284,-0.47816208744320593,1.6326102251162158,0.6574921200893284,0.6574921200893284,-0.07388172918088017,-0.07388172918088017,-0.07388172918088017,0.01885769116653848,0.01885769116653848,0.01885769116653848,-0.09273942034741864,-0.09273942034741864,-0.09273942034741864,0.0,0.0,0.0,0.5836103909084482
2025-04-05,0.6572250303707837,-0.4001308374999134,1.6595615396479773,0.6572250303707837,0.6572250303707837,-0.03222896134206937,-0.03222896134206937,-0.03222896134206937,0.03830155464702294,0.03830155464702294,0.03830155464702294,-0.07053051598909231,-0.07053051598909231,-0.07053051598909231,0.0,0.0,0.0,0.6249960690287144
2025-04-06,0.6569579406522388,-0.48875875924701434,1.5904539342117787,0.6569579406522388,0.6569579406522388,-0.0946266816655324,-0.0946266816655324,-0.0946266816655324,-0.04789596465620164,-0.04789596465620164,-0.04789596465620164,-0.04673071700933077,-0.04673071700933077,-0.04673071700933077,0.0,0.0,0.0,0.5623312589867064
2025-04-07,0.6566908509336942,-0.3774866167200217,1.757881280976135,0.6566908509336942,0.6566908509336942,0.019176027335338672,0.019176027335338672,0.019176027335338672,0.04110505439456334,0.04110505439456334,0.04110505439456334,-0.02192902705922467,-0.02192902705922467,-0.02192902705922467,0.0,0.0,0.0,0.6758668782690328
2025-04-08,0.6564237612151493,-0.5657583176341642,1.5405737887310365,0.6564237612151493,0.6564237612151493,-0.14553629677000052,-0.14553629677000052,-0.14553629677000052,-0.1488023148353273,-0.1488023148353273,-0.1488023148353273,0.003266018065326763,0.003266018065326763,0.003266018065326763,0.0,0.0,0.0,0.5108874644451489
2025-04-09,0.6561566714966047,-0.33192703542101787,1.8690423394127966,0.6561566714966047,0.6561566714966047,0.1080565780262692,0.1080565780262692,0.1080565780262692,0.07981640378383936,0.07981640378383936,0.07981640378383936,0.028240174242429826,0.028240174242429826,0.028240174242429826,0.0,0.0,0.0,0.764213249522874
2025-04-10,0.6558895817780599,-0.35060154195042,1.7329004602729836,0.6558895817780599,0.6558895817780599,0.07100491198760438,0.07100491198760438,0.07100491198760438,0.018617575500293592,0.018617575500293592,0.018617575500293592,0.052387336487310775,0.052387336487310775,0.052387336487310775,0.0,0.0,0.0,0.7268944937656643
2025-04-11,0.6556224920595153,-0.3328589988967294,1.8894653753374462,0.6556224920595153,0.6556224920595153,0.09398077620130466,0.09398077620130466,0.09398077620130466,0.018857691166547987,0.018857691166547987,0.018857691166547987,0.07512308503475666,0.07512308503475666,0.07512308503475666,0.0,0.0,0.0,0.7496032682608199
2025-04-12,0.6553554058069544,-0.263743497490035,1.8729718034401375,0.6553554058069544,0.6553554058069544,0.13419917024261455,0.13419917024261455,0.13419917024261455,0.038301554646605125,0.038301554646605125,0.038301554646605125,0.0958976155960094,0.0958976155960094,0.0958976155960094,0.0,0.0,0.0,0.7895545760495689
2025-04-13,0.6550883195543935,-0.30459629369674013,1.7453946236293263,0.6550883195543935,0.6550883195543935,0.06631179289471113,0.06631179289471113,0.06631179289471113,-0.04789596465630748,-0.04789596465630748,-0.04789596465630748,0.11420775755101861,0.11420775755101861,0.11420775755101861,0.0,0.0,0.0,0.7214001124491046
2025-04-14,0.6548212333018327,-0.3247273262028415,1.9005746080749517,0.6548212333018327,0.6548212333018327,0.1707128634946685,0.1707128634946685,0.1707128634946685,0.041105054394548424,0.041105054394548424,0.041105054394548424,0.1296078091001201,0.1296078091001201,0.1296078091001201,0.0,0.0,0.0,0.8255340967965012
2025-04-15,0.654554147049272,-0.37183151078749616,1.744595591405216,0.654554147049272,0.654554147049272,-0.007083364826450857,-0.007083364826450857,-0.007083364826450857,-0.1488023148353888,-0.1488023148353888,-0.1488023148353888,0.14171895000893797,0.14171895000893797,0.14171895000893797,0.0,0.0,0.0,0.6474707822228211
2025-04-16,0.6542870607967111,-0.20740783841619323,1.9274942460552948,0.6542870607967111,0.6542870607967111,0.2300534334291366,0.2300534334291366,0.2300534334291366,0.07981640378309093,0.07981640378309093,0.07981640378309093,0.15023702964604566,0.15023702964604566,0.15023702964604566,0.0,0.0,0.0,0.8843404942258477
2025-04-17,0.6540199745441502,-0.30371462609692734,1.9594307364765062,0.6540199745441502,0.6540199745441502,0.17355614503207262,0.17355614503207262,0.17355614503207262,0.018617575499868255,0.018617575499868255,0.018617575499868255,0.15493856953220436,0.15493856953220436,0.15493856953220436,0.0,0.0,0.0,0.8275761195762228
2025-04-18,0.6537528882915894,-0.25561129764031826,1.9173085094815405,0.6537528882915894,0.6537528882915894,0.17454255565350518,0.17454255565350518,0.17454255565350518,0.01885769116637615,0.01885769116637615,0.01885769116637615,0.15568486448712907,0.15568486448712907,0.15568486448712907,0.0,0.0,0.0,0.8282954439450946
2025-04-19,0.6534858020390286,-0.2722581005565099,1.9211725415405732,0.6534858020390286,0.6534858020390286,0.19072566814321312,0.19072566814321312,0.19072566814321312,0.038301554647307515,0.038301554647307515,0.038301554647307515,0.1524241134959056,0.1524241134959056,0.1524241134959056,0.0,0.0,0.0,0.8442114701822417
2025-04-20,0.6532187157864677,-0.4083364964123117,1.7754517366473892,0.6532187157864677,0.6532187157864677,0.09729559475478682,0.09729559475478682,0.09729559475478682,-0.04789596465641332,-0.04789596465641332,-0.04789596465641332,0.14519155941120016,0.14519155941120016,0.14519155941120016,0.0,0.0,0.0,0.7505143105412545
2025-04-21,0.6529516295339068,-0.24991074301510116,1.8635442384298533,0.6529516295339068,0.6529516295339068,0.17521271873660182,0.17521271873660182,0.17521271873660182,0.04110505439437449,0.04110505439437449,0.04110505439437449,0.13410766434222735,0.13410766434222735,0.13410766434222735,0.0,0.0,0.0,0.8281643482705087
2025-04-22,0.6526845432813461,-0.387664591634337,1.7202724983826545,0.6526845432813461,0.6526845432813461,-0.029427920972744225,-0.029427920972744225,-0.029427920972744225,-0.14880231483547787,-0.14880231483547787,-0.14880231483547787,0.11937439386273366,0.11937439386273366,0.11937439386273366,0.0,0.0,0.0,0.6232566223086018
2025-04-23,0.6524174570287853,-0.20176183061318717,1.914282692494157,0.6524174570287853,0.6524174570287853,0.18108613065146462,0.18108613065146462,0.18108613065146462,0.07981640378343792,0.07981640378343792,0.07981640378343792,0.10126972686802668,0.10126972686802668,0.10126972686802668,0.0,0.0,0.0,0.8335035876802499
2025-04-24,0.6521503707762244,-0.21975446061472742,1.8541715013795597,0.6521503707762244,0.6521503707762244,0.09875812347767472,0.09875812347767472,0.09875812347767472,0.0186175754999824,0.0186175754999824,0.0186175754999824,0.08014054797769232,0.08014054797769232,0.08014054797769232,0.0,0.0,0.0,0.7509084942538992
2025-04-25,0.6518832845236635,-0.29558532145221167,1.8311292431968407,0.6518832845236635,0.6518832845236635,0.07525180604600422,0.07525180604600422,0.07525180604600422,0.018857691166204303,0.018857691166204303,0.018857691166204303,0.05639411487979992,0.05639411487979992,0.05639411487979992,0.0,0.0,0.0,0.7271350905696677
2025-04-26,0.6516161982711027,-0.31653998382475085,1.7735756617027942,0.6516161982711027,0.6516161982711027,0.0687898777925393,0.0687898777925393,0.0687898777925393,0.0383015546468897,0.0383015546468897,0.0383015546468897,0.030488323145649587,0.030488323145649587,0.030488323145649587,0.0,0.0,0.0,0.720406076063642
2025-04-27,0.651349112018542,-0.4657750521523084,1.7139981718099324,0.651349112018542,0.651349112018542,-0.04497494949110976,-0.04497494949110976,-0.04497494949110976,-0.04789596465643656,-0.04789596465643656,-0.04789596465643656,0.002921015165326798,0.002921015165326798,0.002921015165326798,0.0,0.0,0.0,0.6063741625274321
2025-04-28,0.6510820257659811,-0.3680024389919687,1.7238106025400861,0.6510820257659811,0.6510820257659811,0.015323651874194159,0.015323651874194159,0.015323651874194159,0.04110505439420057,0.04110505439420057,0.04110505439420057,-0.02578140252000642,-0.02578140252000642,-0.02578140252000642,0.0,0.0,0.0,0.6664056776401752
2025-04-29,0.6508149395134202,-0.6255575553693077,1.5144042760993444,0.6508149395134202,0.6508149395134202,-0.20387807321533802,-0.20387807321533802,-0.20387807321533802,-0.1488023148354268,-0.1488023148354268,-0.1488023148354268,-0.055075758379911174,-0.055075758379911174,-0.055075758379911174,0.0,0.0,0.0,0.44693686629808216
2025-04-30,0.6505478532608594,-0.40268035737674074,1.7360921436473165,0.6505478532608594,0.6505478532608594,-0.004597648750697819,-0.004597648750697819,-0.004597648750697819,0.07981640378306118,0.07981640378306118,0.07981640378306118,-0.084414052533759,-0.084414052533759,-0.084414052533759,0.0,0.0,0.0,0.6459502045101616
2025-05-01,0.6502807670082986,-0.40579105876837973,1.6092657754257083,0.6502807670082986,0.6502807670082986,-0.09463767929914099,-0.09463767929914099,-0.09463767929914099,0.018617575500096538,0.018617575500096538,0.018617575500096538,-0.11325525479923754,-0.11325525479923754,-0.11325525479923754,0.0,0.0,0.0,0.5556430877091576
2025-05-02,0.6500136807557377,-0.5189030987245025,1.6217166674546002,0.6500136807557377,0.6500136807557377,-0.12221900649962328,-0.12221900649962328,-0.12221900649962328,0.01885769116664268,0.01885769116664268,0.01885769116664268,-0.14107669766626596,-0.14107669766626596,-0.14107669766626596,0.0,0.0,0.0,0.5277946742561145
2025-05-03,0.6497465945031768,-0.5397033577853712,1.580701192153611,0.6497465945031768,0.6497465945031768,-0.12908325888230743,-0.12908325888230743,-0.12908325888230743,0.038301554647510665,0.038301554647510665,0.038301554647510665,-0.1673848135298181,-0.1673848135298181,-0.1673848135298181,0.0,0.0,0.0,0.5206633356208694
2025-05-04,0.6494795082506161,-0.6596213885219888,1.5203596985971768,0.6494795082506161,0.6494795082506161,-0.23962095167792946,-0.23962095167792946,-0.23962095167792946,-0.047895964656143354,-0.047895964656143354,-0.047895964656143354,-0.1917249870217861,-0.1917249870217861,-0.1917249870217861,0.0,0.0,0.0,0.4098585565726866
2025-05-05,0.6492124219980553,-0.5703726749799465,1.6683701030715683,0.6492124219980553,0.6492124219980553,-0.1725852653996896,-0.1725852653996896,-0.1725852653996896,0.04110505439418564,0.04110505439418564,0.04110505439418564,-0.21369031979387523,-0.21369031979387523,-0.21369031979387523,0.0,0.0,0.0,0.4766271565983657
2025-05-06,0.6489453357688214,-0.7593856939339673,1.332160782569438,0.6489453357688214,0.6489453357688214,-0.3817314506760711,-0.3817314506760711,-0.3817314506760711,-0.1488023148353757,-0.1488023148353757,-0.1488023148353757,-0.2329291358406954,-0.2329291358406954,-0.2329291358406954,0.0,0.0,0.0,0.2672138850927503
2025-05-07,0.6486782495395876,-0.6340670184522311,1.6582584059478422,0.6486782495395876,0.6486782495395876,-0.1693346857379942,-0.1693346857379942,-0.1693346857379942,0.07981640378340814,0.07981640378340814,0.07981640378340814,-0.24915108952140233,-0.24915108952140233,-0.24915108952140233,0.0,0.0,0.0,0.47934356380159343
2025-05-08,0.6484111633103539,-0.6772432719094414,1.397364222731583,0.6484111633103539,0.6484111633103539,-0.24351419941210375,-0.24351419941210375,-0.24351419941210375,0.0186175755002584,0.0186175755002584,0.0186175755002584,-0.26213177491236217,-0.26213177491236217,-0.26213177491236217,0.0,0.0,0.0,0.40489696389825014
2025-05-09,0.64814407708112,-0.6324181205580125,1.5115047437002949,0.64814407708112,0.64814407708112,-0.2528580818477462,-0.2528580818477462,-0.2528580818477462,0.018857691167081077,0.018857691167081077,0.018857691167081077,-0.2717157730148273,-0.2717157730148273,-0.2717157730148273,0.0,0.0,0.0,0.39528599523337377
2025-05-10,0.6478769908518861,-0.6973598374276985,1.4852167099742923,0.6478769908518861,0.6478769908518861,-0.2395165570259272,-0.2395165570259272,-0.2395165570259272,0.038301554647092846,0.038301554647092846,0.038301554647092846,-0.27781811167302,-0.27781811167302,-0.27781811167302,0.0,0.0,0.0,0.4083604338259589
2025-05-11,0.6476099046226523,-0.8009760937578215,1.4298601777569842,0.6476099046226523,0.6476099046226523,-0.3283201155071964,-0.3283201155071964,-0.3283201155071964,-0.04789596465664825,-0.04789596465664825,-0.04789596465664825,-0.2804241508505482,-0.2804241508505482,-0.2804241508505482,0.0,0.0,0.0,0.3192897891154559
2025-05-12,0.6473428183934185,-0.6917889953542283,1.5313974114327282,0.6473428183934185,0.6473428183934185,-0.2384828878568726,-0.2384828878568726,-0.2384828878568726,0.041105054394170684,0.041105054394170684,0.041105054394170684,-0.27958794225104333,-0.27958794225104333,-0.27958794225104333,0.0,0.0,0.0,0.40885993053654585
2025-05-13,0.6470757321641847,-0.8044289967207595,1.3128252781447103,0.6470757321641847,0.6470757321641847,-0.42423146111477295,-0.42423146111477295,-0.42423146111477295,-0.14880231483543724,-0.14880231483543724,-0.14880231483543724,-0.27542914627933573,-0.27542914627933573,-0.27542914627933573,0.0,0.0,0.0,0.22284427104941174
2025-05-14,0.6468086459349509,-0.49490676135639605,1.662202823289897,0.6468086459349509,0.6468086459349509,-0.18831221647643676,-0.18831221647643676,-0.18831221647643676,0.07981640378339325,0.07981640378339325,0.07981640378339325,-0.26812862025983003,-0.26812862025983003,-0.26812862025983003,0.0,0.0,0.0,0.45849642945851415
2025-05-15,0.6465415597057171,-0.5837079472109534,1.4649364462525765,0.6465415597057171,0.6465415597057171,-0.23930524347540225,-0.23930524347540225,-0.23930524347540225,0.018617575499833068,0.018617575499833068,0.018617575499833068,-0.2579228189752353,-0.2579228189752353,-0.2579228189752353,0.0,0.0,0.0,0.40723631623031487
2025-05-16,0.6462744734764834,-0.6591742388957547,1.4427139276057726,0.6462744734764834,0.6462744734764834,-0.22623948025953355,-0.22623948025953355,-0.22623948025953355,0.018857691166909232,0.018857691166909232,0.018857691166909232,-0.24509717142644277,-0.24509717142644277,-0.24509717142644277,0.0,0.0,0.0,0.4200349932169498
2025-05-17,0.6460073872472494,-0.7210341058742072,1.408992058618453,0.6460073872472494,0.6460073872472494,-0.1916770611592072,-0.1916770611592072,-0.1916770611592072,0.038301554647235135,0.038301554647235135,0.038301554647235135,-0.22997861580644233,-0.22997861580644233,-0.22997861580644233,0.0,0.0,0.0,0.45433032608804214
2025-05-18,0.6457403010180156,-0.6628906016223819,1.4552023524789914,0.6457403010180156,0.6457403010180156,-0.26082345241246785,-0.26082345241246785,-0.26082345241246785,-0.04789596465635501,-0.04789596465635501,-0.04789596465635501,-0.21292748775611284,-0.21292748775611284,-0.21292748775611284,0.0,0.0,0.0,0.38491684860554776
2025-05-19,0.6454732147887818,-0.5539399071964652,1.5667171424520667,0.6454732147887818,0.6454732147887818,-0.15322391048364228,-0.15322391048364228,-0.15322391048364228,0.041105054394437346,0.041105054394437346,0.041105054394437346,-0.19432896487807963,-0.19432896487807963,-0.19432896487807963,0.0,0.0,0.0,0.4922493043051396
2025-05-20,0.645206128559548,-0.8312205306441307,1.2869099931767947,0.645206128559548,0.645206128559548,-0.3233865880579089,-0.3233865880579089,-0.3233865880579089,-0.14880231483541373,-0.14880231483541373,-0.14880231483541373,-0.17458427322249515,-0.17458427322249515,-0.17458427322249515,0.0,0.0,0.0,0.3218195405016391
2025-05-21,0.6449390423303142,-0.5071222494848312,1.6947700079368573,0.6449390423303142,0.6449390423303142,-0.07428545537436536,-0.07428545537436536,-0.07428545537436536,0.07981640378374022,0.07981640378374022,0.07981640378374022,-0.15410185915810556,-0.15410185915810556,-0.15410185915810556,0.0,0.0,0.0,0.5706535869559488
2025-05-22,0.6446719561010804,-0.5278791583555725,1.6102410794990907,0.6446719561010804,0.6446719561010804,-0.11467114745762298,-0.11467114745762298,-0.11467114745762298,0.018617575500486684,0.018617575500486684,0.018617575500486684,-0.13328872295810967,-0.13328872295810967,-0.13328872295810967,0.0,0.0,0.0,0.5300008086434574
2025-05-23,0.6444048698718464,-0.475770259019973,1.5691014843201025,0.6444048698718464,0.6444048698718464,-0.09368440776655135,-0.09368440776655135,-0.09368440776655135,0.018857691166737398,0.018857691166737398,0.018857691166737398,-0.11254209893328873,-0.11254209893328873,-0.11254209893328873,0.0,0.0,0.0,0.550720462105295
2025-05-24,0.6441377836426126,-0.5361704797213603,1.6552650209352835,0.6441377836426126,0.6441377836426126,-0.05394009685918188,-0.05394009685918188,-0.05394009685918188,0.03830155464729598,0.03830155464729598,0.03830155464729598,-0.09224165150647787,-0.09224165150647787,-0.09224165150647787,0.0,0.0,0.0,0.5901976867834308
2025-05-25,0.6438706974133789,-0.5623296851694684,1.5229201926800675,0.6438706974133789,0.6438706974133789,-0.12063830245623151,-0.12063830245623151,-0.12063830245623151,-0.04789596465646085,-0.04789596465646085,-0.04789596465646085,-0.07274233779977067,-0.07274233779977067,-0.07274233779977067,0.0,0.0,0.0,0.5232323949571474
2025-05-26,0.643603611184145,-0.4723015650973525,1.7179904733706588,0.643603611184145,0.643603611184145,-0.013263011319219892,-0.013263011319219892,-0.013263011319219892,0.04110505439426342,0.04110505439426342,0.04110505439426342,-0.054368065713483314,-0.054368065713483314,-0.054368065713483314,0.0,0.0,0.0,0.6303405998649251
2025-05-27,0.6433365249549112,-0.6158993966703774,1.5244976702047979,0.6433365249549112,0.6433365249549112,-0.18620856761943633,-0.18620856761943633,-0.18620856761943633,-0.14880231483547524,-0.14880231483547524,-0.14880231483547524,-0.03740625278396109,-0.03740625278396109,-0.03740625278396109,0.0,0.0,0.0,0.4571279573354749
2025-05-28,0.6430694387256775,-0.3605428282109797,1.8059310451527775,0.6430694387256775,0.6430694387256775,0.05771303777817059,0.05771303777817059,0.05771303777817059,0.07981640378372533,0.07981640378372533,0.07981640378372533,-0.022103366005554743,-0.022103366005554743,-0.022103366005554743,0.0,0.0,0.0,0.7007824765038481
2025-05-29,0.6428023527010565,-0.3886870831097986,1.7223081820896389,0.6428023527010565,0.6428023527010565,0.009956078513361985,0.009956078513361985,0.009956078513361985,0.018617575500061347,0.018617575500061347,0.018617575500061347,-0.008661496986699362,-0.008661496986699362,-0.008661496986699362,0.0,0.0,0.0,0.6527584312144185
2025-05-30,0.6425352666764355,-0.4206993758844503,1.6599160841597205,0.6425352666764355,0.6425352666764355,0.021621690205006226,0.021621690205006226,0.021621690205006226,0.018857691166136694,0.018857691166136694,0.018857691166136694,0.002763999038869532,0.002763999038869532,0.002763999038869532,0.0,0.0,0.0,0.6641569568814417
2025-05-31,0.6422681806518147,-0.3352138471208595,1.6914743081950152,0.6422681806518147,0.6422681806518147,0.0503673516977193,0.0503673516977193,0.0503673516977193,0.03830155464743828,0.03830155464743828,0.03830155464743828,0.01206579705028102,0.01206579705028102,0.01206579705028102,0.0,0.0,0.0,0.692635532349534
2025-06-01,0.6420010946271936,-0.42655989096771935,1.7071440485599902,0.6420010946271936,0.6420010946271936,-0.028711115013461828,-0.028711115013461828,-0.028711115013461828,-0.04789596465616764,-0.04789596465616764,-0.04789596465616764,0.01918484964270581,0.01918484964270581,0.01918484964270581,0.0,0.0,0.0,0.6132899796137318
2025-06-02,0.6417340086025726,-0.384074175709195,1.738071002546552,0.6417340086025726,0.6417340086025726,0.06521468535441169,0.06521468535441169,0.06521468535441169,0.04110505439440747,0.04110505439440747,0.04110505439440747,0.024109630960004222,0.024109630960004222,0.024109630960004222,0.0,0.0,0.0,0.7069486939569842
2025-06-03,0.6414669225779517,-0.5317824360022159,1.5586479854809208,0.6414669225779517,0.6414669225779517,-0.12192787468304056,-0.12192787468304056,-0.12192787468304056,-0.14880231483531156,-0.14880231483531156,-0.14880231483531156,0.026874440152271015,0.026874440152271015,0.026874440152271015,0.0,0.0,0.0,0.5195390478949111
2025-06-04,0.6411998365533307,-0.31634765336314863,1.855528373977598,0.6411998365533307,0.6411998365533307,0.10737324857018485,0.10737324857018485,0.10737324857018485,0.07981640378333878,0.07981640378333878,0.07981640378333878,0.02755684478684607,0.02755684478684607,0.02755684478684607,0.0,0.0,0.0,0.7485730851235155
2025-06-05,0.6409327505287098,-0.35850804679140863,1.8283049557152267,0.6409327505287098,0.6409327505287098,0.04489193468999359,0.04489193468999359,0.04489193468999359,0.018617575500175475,0.018617575500175475,0.018617575500175475,0.02627435918981811,0.02627435918981811,0.02627435918981811,0.0,0.0,0.0,0.6858246852187034
2025-06-06,0.6406656645040888,-0.32635017890483264,1.732421403271024,0.6406656645040888,0.6406656645040888,0.042038155334234724,0.042038155334234724,0.042038155334234724,0.018857691166575066,0.018857691166575066,0.018857691166575066,0.023180464167659662,0.023180464167659662,0.023180464167659662,0.0,0.0,0.0,0.6827038198383235
2025-06-07,0.6403985784794679,-0.3592459985015721,1.7261750636145514,0.6403985784794679,0.6403985784794679,0.05676163750497249,0.05676163750497249,0.05676163750497249,0.038301554647020467,0.038301554647020467,0.038301554647020467,0.01846008285795203,0.01846008285795203,0.01846008285795203,0.0,0.0,0.0,0.6971602159844404
2025-06-08,0.6401314924548469,-0.38125920002736385,1.5684966717311684,0.6401314924548469,0.6401314924548469,-0.035571332076459794,-0.035571332076459794,-0.035571332076459794,-0.047895964656273465,-0.047895964656273465,-0.047895964656273465,0.012324632579813675,0.012324632579813675,0.012324632579813675,0.0,0.0,0.0,0.6045601603783871
2025-06-09,0.639864406430226,-0.37264184385602767,1.755656949634913,0.639864406430226,0.639864406430226,0.04611182897617318,0.04611182897617318,0.04611182897617318,0.04110505439423356,0.04110505439423356,0.04110505439423356,0.005006774581939622,0.005006774581939622,0.005006774581939622,0.0,0.0,0.0,0.6859762354063992
2025-06-10,0.639597320405605,-0.534566423321119,1.5456241439807221,0.639597320405605,0.639597320405605,-0.1520473321562951,-0.1520473321562951,-0.1520473321562951,-0.1488023148353731,-0.1488023148353731,-0.1488023148353731,-0.003245017320921999,-0.003245017320921999,-0.003245017320921999,0.0,0.0,0.0,0.48754998824930995
2025-06-11,0.6393302343809841,-0.3501254568518884,1.8028448783635547,0.6393302343809841,0.6393302343809841,0.06764445194894271,0.06764445194894271,0.06764445194894271,0.07981640378332389,0.07981640378332389,0.07981640378332389,-0.012171951834381179,-0.012171951834381179,-0.012171951834381179,0.0,0.0,0.0,0.7069746863299269
2025-06-12,0.6390631483563631,-0.40113776170623516,1.6842502262946313,0.6390631483563631,0.6390631483563631,-0.002892792120932036,-0.002892792120932036,-0.002892792120932036,0.018617575499750162,0.018617575499750162,0.018617575499750162,-0.0215103676206822,-0.0215103676206822,-0.0215103676206822,0.0,0.0,0.0,0.6361703562354311
2025-06-13,0.6387960623317422,-0.43016036289596554,1.7216986471758868,0.6387960623317422,0.6387960623317422,-0.012139338625674283,-0.012139338625674283,-0.012139338625674283,0.018857691166403224,0.018857691166403224,0.018857691166403224,-0.030997029792077507,-0.030997029792077507,-0.030997029792077507,0.0,0.0,0.0,0.626656723706068
2025-06-14,0.6385289763071212,-0.41083427795855054,1.7885845023144897,0.6385289763071212,0.6385289763071212,-0.0020726273027214326,-0.0020726273027214326,-0.0020726273027214326,0.038301554647722856,0.038301554647722856,0.038301554647722856,-0.04037418195044429,-0.04037418195044429,-0.04037418195044429,0.0,0.0,0.0,0.6364563490043998
2025-06-15,0.6382618902825004,-0.5565274974202121,1.5738799220344755,0.6382618902825004,0.6382618902825004,-0.0972902360081042,-0.0972902360081042,-0.0972902360081042,-0.047895964656296725,-0.047895964656296725,-0.047895964656296725,-0.04939427135180748,-0.04939427135180748,-0.04939427135180748,0.0,0.0,0.0,0.5409716542743962
2025-06-16,0.6379948042578794,-0.44865284527534366,1.7176975105720358,0.6379948042578794,0.6379948042578794,-0.01671922238288841,-0.01671922238288841,-0.01671922238288841,0.04110505439465918,0.04110505439465918,0.04110505439465918,-0.05782427677754759,-0.05782427677754759,-0.05782427677754759,0.0,0.0,0.0,0.621275581874991
2025-06-17,0.6377277182332584,-0.7192129231004996,1.4764533067229877,0.6377277182332584,0.6377277182332584,-0.21425189605420958,-0.21425189605420958,-0.21425189605420958,-0.1488023148354346,-0.1488023148354346,-0.1488023148354346,-0.06544958121877498,-0.06544958121877498,-0.06544958121877498,0.0,0.0,0.0,0.4234758221790488
2025-06-18,0.6374606322086375,-0.37462632307085414,1.7012151750720843,0.6374606322086375,0.6374606322086375,0.007739059620044553,0.007739059620044553,0.007739059620044553,0.07981640378367086,0.07981640378367086,0.07981640378367086,-0.07207734416362631,-0.07207734416362631,-0.07207734416362631,0.0,0.0,0.0,0.645199691828682
2025-06-19,0.6371935461840164,-0.5628658134773039,1.6716448643837512,0.6371935461840164,0.6371935461840164,-0.05892176527299519,-0.05892176527299519,-0.05892176527299519,0.018617575499864293,0.018617575499864293,0.018617575499864293,-0.07753934077285948,-0.07753934077285948,-0.07753934077285948,0.0,0.0,0.0,0.5782717809110212
2025-06-20,0.6369264601593956,-0.5860859466488919,1.5297168849993392,0.6369264601593956,0.6369264601593956,-0.06283655607440594,-0.06283655607440594,-0.06283655607440594,0.018857691167022957,0.018857691167022957,0.018857691167022957,-0.0816942472414289,-0.0816942472414289,-0.0816942472414289,0.0,0.0,0.0,0.5740899040849896
2025-06-21,0.6366593740935245,-0.44597616877188406,1.6313212744043744,0.6366593740935245,0.6366593740935245,-0.04612780826897088,-0.04612780826897088,-0.04612780826897088,0.038301554647305044,0.038301554647305044,0.038301554647305044,-0.08442936291627592,-0.08442936291627592,-0.08442936291627592,0.0,0.0,0.0,0.5905315658245536
2025-06-22,0.6363922880276534,-0.5018184818207484,1.5385634399405212,0.6363922880276534,0.6363922880276534,-0.1335577347271799,-0.1335577347271799,-0.1335577347271799,-0.047895964656402557,-0.047895964656402557,-0.047895964656402557,-0.08566177007077734,-0.08566177007077734,-0.08566177007077734,0.0,0.0,0.0,0.5028345533004734
2025-06-23,0.636125201961782,-0.43115521196438544,1.7081270888486249,0.636125201961782,0.636125201961782,-0.0442338870809374,-0.0442338870809374,-0.0442338870809374,0.04110505439448527,0.04110505439448527,0.04110505439448527,-0.08533894147542267,-0.08533894147542267,-0.08533894147542267,0.0,0.0,0.0,0.5918913148808446
2025-06-24,0.6358581158959109,-0.7188606899079869,1.5636706607737174,0.6358581158959109,0.6358581158959109,-0.23224112879074305,-0.23224112879074305,-0.23224112879074305,-0.14880231483538353,-0.14880231483538353,-0.14880231483538353,-0.08343881395535951,-0.08343881395535951,-0.08343881395535951,0.0,0.0,0.0,0.40361698710516786
2025-06-25,0.6355910298300398,-0.3464192053958315,1.759841033459627,0.6355910298300398,0.6355910298300398,-0.00015294916778719678,-0.00015294916778719678,-0.00015294916778719678,0.0798164037832941,0.0798164037832941,0.0798164037832941,-0.0799693529510813,-0.0799693529510813,-0.0799693529510813,0.0,0.0,0.0,0.6354380806622526
2025-06-26,0.6353239437641687,-0.5345694688688872,1.6288922721654362,0.6353239437641687,0.6353239437641687,-0.056350063203306655,-0.056350063203306655,-0.056350063203306655,0.018617575500026157,0.018617575500026157,0.018617575500026157,-0.07496763870333281,-0.07496763870333281,-0.07496763870333281,0.0,0.0,0.0,0.578973880560862
2025-06-27,0.6350568576982975,-0.5373879305504513,1.6115377210989497,0.6350568576982975,0.6350568576982975,-0.04964081795848492,-0.04964081795848492,-0.04964081795848492,0.018857691166240906,0.018857691166240906,0.018857691166240906,-0.06849850912472583,-0.06849850912472583,-0.06849850912472583,0.0,0.0,0.0,0.5854160397398125
2025-06-28,0.6347897716324262,-0.5038842759787838,1.6765443339709778,0.6347897716324262,0.6347897716324262,-0.02235124313905065,-0.02235124313905065,-0.02235124313905065,0.03830155464688721,0.03830155464688721,0.03830155464688721,-0.060652797785937865,-0.060652797785937865,-0.060652797785937865,0.0,0.0,0.0,0.6124385284933755
2025-06-29,0.6345226855665551,-0.5937171891242555,1.6106982682957995,0.6345226855665551,0.6345226855665551,-0.09944117251840863,-0.09944117251840863,-0.09944117251840863,-0.047895964656109326,-0.047895964656109326,-0.047895964656109326,-0.051545207862299304,-0.051545207862299304,-0.051545207862299304,0.0,0.0,0.0,0.5350815130481464
2025-06-30,0.6342555995006839,-0.4330070058339503,1.7064692380408595,0.6342555995006839,0.6342555995006839,-0.00020681009793457536,-0.00020681009793457536,-0.00020681009793457536,0.04110505439447032,0.04110505439447032,0.04110505439447032,-0.0413118644924049,-0.0413118644924049,-0.0413118644924049,0.0,0.0,0.0,0.6340487894027493
2025-07-01,0.6339885134348128,-0.6380159408672402,1.4895995396318846,0.6339885134348128,0.6339885134348128,-0.17890990379843735,-0.17890990379843735,-0.17890990379843735,-0.1488023148355852,-0.1488023148355852,-0.1488023148355852,-0.030107588962852157,-0.030107588962852157,-0.030107588962852157,0.0,0.0,0.0,0.4550786096363754
2025-07-02,0.6337214273689417,-0.3467101230526191,1.7085215395133049,0.6337214273689417,0.6337214273689417,0.061713465184136805,0.061713465184136805,0.061713465184136805,0.07981640378364109,0.07981640378364109,0.07981640378364109,-0.018102938599504285,-0.018102938599504285,-0.018102938599504285,0.0,0.0,0.0,0.6954348925530784
2025-07-03,0.6334543413030704,-0.38398487033881673,1.7278893358166294,0.6334543413030704,0.6334543413030704,0.013136519118738393,0.013136519118738393,0.013136519118738393,0.018617575500679766,0.018617575500679766,0.018617575500679766,-0.005481056381941376,-0.005481056381941376,-0.005481056381941376,0.0,0.0,0.0,0.6465908604218088
2025-07-04,0.6331872552371992,-0.26230126077146154,1.7180986614386133,0.6331872552371992,0.6331872552371992,0.026423316926169955,0.026423316926169955,0.026423316926169955,0.018857691166679277,0.018857691166679277,0.018857691166679277,0.007565625759490676,0.007565625759490676,0.007565625759490676,0.0,0.0,0.0,0.6596105721633692
2025-07-05,0.6329201691713281,-0.27176645857679704,1.7319107699654668,0.6329201691713281,0.6329201691713281,0.059140340782756845,0.059140340782756845,0.059140340782756845,0.03830155464702951,0.03830155464702951,0.03830155464702951,0.020838786135727334,0.020838786135727334,0.020838786135727334,0.0,0.0,0.0,0.692060509954085
2025-07-06,0.6326530831054569,-0.4924135619322111,1.7480378256229678,0.6326530831054569,0.6326530831054569,-0.01375829339428967,-0.01375829339428967,-0.01375829339428967,-0.047895964656614234,-0.047895964656614234,-0.047895964656614234,0.034137671262324566,0.034137671262324566,0.034137671262324566,0.0,0.0,0.0,0.6188947897111672
2025-07-07,0.6323859970395858,-0.2756908025487892,1.8354994928512696,0.6323859970395858,0.6323859970395858,0.08836762329489481,0.08836762329489481,0.08836762329489481,0.041105054394455394,0.041105054394455394,0.041105054394455394,0.04726256890043941,0.04726256890043941,0.04726256890043941,0.0,0.0,0.0,0.7207536203344805
2025-07-08,0.6321189109737146,-0.4727031314625081,1.6135523153620837,0.6321189109737146,0.6321189109737146,-0.08878406243345824,-0.08878406243345824,-0.08878406243345824,-0.1488023148354215,-0.1488023148354215,-0.1488023148354215,0.060018252401963276,0.060018252401963276,0.060018252401963276,0.0,0.0,0.0,0.5433348485402564
2025-07-09,0.6318518249078433,-0.29269363550583255,1.7991343689375419,0.6318518249078433,0.6318518249078433,0.1520337561841931,0.1520337561841931,0.1520337561841931,0.07981640378398805,0.07981640378398805,0.07981640378398805,0.07221735240020503,0.07221735240020503,0.07221735240020503,0.0,0.0,0.0,0.7838855810920364
2025-07-10,0.6315847388419722,-0.32639596334863485,1.7518265173971848,0.6315847388419722,0.6315847388419722,0.10230118714769301,0.10230118714769301,0.10230118714769301,0.01861757550025444,0.01861757550025444,0.01861757550025444,0.08368361164743857,0.08368361164743857,0.08368361164743857,0.0,0.0,0.0,0.7338859259896652
2025-07-11,0.6313176527761011,-0.3709810349327425,1.8708558106323898,0.6313176527761011,0.6313176527761011,0.11311266974752952,0.11311266974752952,0.11311266974752952,0.018857691166507432,0.018857691166507432,0.018857691166507432,0.09425497858102208,0.09425497858102208,0.09425497858102208,0.0,0.0,0.0,0.7444303225236306
2025-07-12,0.63105056671023,-0.2327153951976186,1.8523674243490542,0.63105056671023,0.63105056671023,0.14208804974969483,0.14208804974969483,0.14208804974969483,0.03830155464653026,0.03830155464653026,0.03830155464653026,0.10378649510316457,0.10378649510316457,0.10378649510316457,0.0,0.0,0.0,0.7731386164599248
2025-07-13,0.6307834806443589,-0.4018538684602877,1.7148850600770575,0.6307834806443589,0.6307834806443589,0.06425696956416853,0.06425696956416853,0.06425696956416853,-0.04789596465623844,-0.04789596465623844,-0.04789596465623844,0.11215293422040695,0.11215293422040695,0.11215293422040695,0.0,0.0,0.0,0.6950404502085273
2025-07-14,0.6305163945784875,-0.3139341010132369,1.9030253682620948,0.6305163945784875,0.6305163945784875,0.16035619813935192,0.16035619813935192,0.16035619813935192,0.04110505439444045,0.04110505439444045,0.04110505439444045,0.11925114374491148,0.11925114374491148,0.11925114374491148,0.0,0.0,0.0,0.7908725927178395
2025-07-15,0.6302493085846911,-0.46518551963320987,1.622258836607409,0.6302493085846911,0.6302493085846911,-0.023800261464836277,-0.023800261464836277,-0.023800261464836277,-0.14880231483548303,-0.14880231483548303,-0.14880231483548303,0.12500205337064674,0.12500205337064674,0.12500205337064674,0.0,0.0,0.0,0.6064490471198548
2025-07-16,0.6299822225908945,-0.2733806712398558,1.8892711515636658,0.6299822225908945,0.6299822225908945,0.20916870803605186,0.20916870803605186,0.20916870803605186,0.07981640378397317,0.07981640378397317,0.07981640378397317,0.12935230425207872,0.12935230425207872,0.12935230425207872,0.0,0.0,0.0,0.8391509306269465
2025-07-17,0.6297151365970981,-0.29595102473823415,1.9169457494044853,0.6297151365970981,0.6297151365970981,0.15089303837713006,0.15089303837713006,0.15089303837713006,0.018617575500416296,0.018617575500416296,0.018617575500416296,0.13227546287671377,0.13227546287671377,0.13227546287671377,0.0,0.0,0.0,0.7806081749742282
2025-07-18,0.6294480506033016,-0.26859421872157935,1.8380822516365911,0.6294480506033016,0.6294480506033016,0.152630475828242,0.152630475828242,0.152630475828242,0.018857691166335608,0.018857691166335608,0.018857691166335608,0.13377278466190637,0.13377278466190637,0.13377278466190637,0.0,0.0,0.0,0.7820785264315435
2025-07-19,0.629180964609505,-0.276645843660839,1.9390343690818723,0.629180964609505,0.629180964609505,0.17217505206522676,0.17217505206522676,0.17217505206522676,0.03830155464723265,0.03830155464723265,0.03830155464723265,0.1338734974179941,0.1338734974179941,0.1338734974179941,0.0,0.0,0.0,0.8013560166747318
2025-07-20,0.6289138786157085,-0.4192461351486074,1.6936648177980647,0.6289138786157085,0.6289138786157085,0.08473861601716245,0.08473861601716245,0.08473861601716245,-0.047895964656743326,-0.047895964656743326,-0.047895964656743326,0.1326345806739058,0.1326345806739058,0.1326345806739058,0.0,0.0,0.0,0.713652494632871
2025-07-21,0.628646792621912,-0.19591915953154126,1.8861621528934838,0.628646792621912,0.628646792621912,0.17124507826683688,0.17124507826683688,0.17124507826683688,0.041105054394266524,0.041105054394266524,0.041105054394266524,0.13014002387257034,0.13014002387257034,0.13014002387257034,0.0,0.0,0.0,0.7998918708887489
2025-07-22,0.6283797066281155,-0.48537384122267135,1.7061515309277502,0.6283797066281155,0.6283797066281155,-0.022302760231588722,-0.022302760231588722,-0.022302760231588722,-0.14880231483543194,-0.14880231483543194,-0.14880231483543194,0.1264995546038432,0.1264995546038432,0.1264995546038432,0.0,0.0,0.0,0.6060769463965268
2025-07-23,0.628112620634319,-0.30034068702824407,1.9123105392348758,0.628112620634319,0.628112620634319,0.2016632410478133,0.2016632410478133,0.2016632410478133,0.07981640378394847,0.07981640378394847,0.07981640378394847,0.1218468372638648,0.1218468372638648,0.1218468372638648,0.0,0.0,0.0,0.8297758616821324
2025-07-24,0.6278455346405225,-0.331303950061214,1.8775566138891342,0.6278455346405225,0.6278455346405225,0.13495472820435184,0.13495472820435184,0.13495472820435184,0.01861757549999097,0.01861757549999097,0.01861757549999097,0.11633715270436086,0.11633715270436086,0.11633715270436086,0.0,0.0,0.0,0.7628002628448743
2025-07-25,0.6275784486467261,-0.4159645849882101,1.7665205264865647,0.6275784486467261,0.6275784486467261,0.129002271539188,0.129002271539188,0.129002271539188,0.01885769116616377,0.01885769116616377,0.01885769116616377,0.11014458037302423,0.11014458037302423,0.11014458037302423,0.0,0.0,0.0,0.756580720185914
2025-07-26,0.6273113626529294,-0.34729073802657384,1.8842797100232795,0.6273113626529294,0.6273113626529294,0.1417602705867821,0.1417602705867821,0.1417602705867821,0.03830155464681484,0.03830155464681484,0.03830155464681484,0.10345871593996722,0.10345871593996722,0.10345871593996722,0.0,0.0,0.0,0.7690716332397115
2025-07-27,0.6270442766591331,-0.40921494103213407,1.7773405967836642,0.6270442766591331,0.6270442766591331,0.04858500451444966,0.04858500451444966,0.04858500451444966,-0.0478959646564501,-0.0478959646564501,-0.0478959646564501,0.09648096917089975,0.09648096917089975,0.09648096917089975,0.0,0.0,0.0,0.6756292811735828
2025-07-28,0.6267771906653365,-0.28724092154456143,1.793957729907832,0.6267771906653365,0.6267771906653365,0.1305255529443612,0.1305255529443612,0.1305255529443612,0.0411050543945332,0.0411050543945332,0.0411050543945332,0.08942049854982799,0.08942049854982799,0.08942049854982799,0.0,0.0,0.0,0.7573027436096977
2025-07-29,0.62651010467154,-0.5239126573437164,1.6333351223952721,0.62651010467154,0.62651010467154,-0.0663124643024026,-0.0663124643024026,-0.0663124643024026,-0.14880231483538087,-0.14880231483538087,-0.14880231483538087,0.08248985053297826,0.08248985053297826,0.08248985053297826,0.0,0.0,0.0,0.5601976403691374
2025-07-30,0.6262430186777435,-0.1819764414602832,1.9212435197863154,0.6262430186777435,0.6262430186777435,0.15571678575819642,0.15571678575819642,0.15571678575819642,0.07981640378320985,0.07981640378320985,0.07981640378320985,0.07590038197498655,0.07590038197498655,0.07590038197498655,0.0,0.0,0.0,0.7819598044359399
2025-07-31,0.625975932683947,-0.3051336334268166,1.7751798246095207,0.625975932683947,0.625975932683947,0.08847512934059047,0.08847512934059047,0.08847512934059047,0.01861757550064458,0.01861757550064458,0.01861757550064458,0.06985755383994588,0.06985755383994588,0.06985755383994588,0.0,0.0,0.0,0.7144510620245375
2025-08-01,0.6257088466901506,-0.38392159806638776,1.7300189038973581,0.6257088466901506,0.6257088466901506,0.08341388360617352,0.08341388360617352,0.08341388360617352,0.018857691166602134,0.018857691166602134,0.018857691166602134,0.06455619243957139,0.06455619243957139,0.06455619243957139,0.0,0.0,0.0,0.7091227302963241
2025-08-02,0.625441760696354,-0.42172882710200876,1.7210288710965829,0.625441760696354,0.625441760696354,0.09847737541745932,0.09847737541745932,0.09847737541745932,0.03830155464695712,0.03830155464695712,0.03830155464695712,0.060175820770502195,0.060175820770502195,0.060175820770502195,0.0,0.0,0.0,0.7239191361138133
2025-08-03,0.6251746747025576,-0.44380797969456726,1.6638446831943132,0.6251746747025576,0.6251746747025576,0.008980202089105731,0.008980202089105731,0.008980202089105731,-0.04789596465615688,-0.04789596465615688,-0.04789596465615688,0.05687616674526261,0.05687616674526261,0.05687616674526261,0.0,0.0,0.0,0.6341548767916634
2025-08-04,0.624907588708761,-0.327551177065572,1.8086015420550516,0.624907588708761,0.624907588708761,0.09589801133634401,0.09589801133634401,0.09589801133634401,0.041105054394359256,0.041105054394359256,0.041105054394359256,0.05479295694198476,0.05479295694198476,0.05479295694198476,0.0,0.0,0.0,0.720805600045105
2025-08-05,0.6246405027149645,-0.5810404324601026,1.4875449982569315,0.6246405027149645,0.6246405027149645,-0.09476821111811165,-0.09476821111811165,-0.09476821111811165,-0.1488023148353298,-0.1488023148353298,-0.1488023148353298,0.054034103717218146,0.054034103717218146,0.054034103717218146,0.0,0.0,0.0,0.5298722915968529
2025-08-06,0.624373416721168,-0.30618541475463174,1.7759381369229732,0.624373416721168,0.624373416721168,0.13449279375386983,0.13449279375386983,0.13449279375386983,0.07981640378355684,0.07981640378355684,0.07981640378355684,0.05467638997031298,0.05467638997031298,0.05467638997031298,0.0,0.0,0.0,0.7588662104750378
2025-08-07,0.6241063304360451,-0.39348373297887446,1.7976525476010878,0.6241063304360451,0.6241063304360451,0.07538032493126125,0.07538032493126125,0.07538032493126125,0.018617575500219252,0.018617575500219252,0.018617575500219252,0.056762749431041995,0.056762749431041995,0.056762749431041995,0.0,0.0,0.0,0.6994866553673064
2025-08-08,0.6238392441509223,-0.339834382468426,1.7721342005112424,0.6238392441509223,0.6238392441509223,0.07915792222133856,0.07915792222133856,0.07915792222133856,0.01885769116661165,0.01885769116661165,0.01885769116661165,0.0603002310547269,0.0603002310547269,0.0603002310547269,0.0,0.0,0.0,0.7029971663722608
2025-08-09,0.6235721578657994,-0.47637523347218536,1.848374404133182,0.6235721578657994,0.6235721578657994,0.10356027867466283,0.10356027867466283,0.10356027867466283,0.03830155464709942,0.03830155464709942,0.03830155464709942,0.06525872402756341,0.06525872402756341,0.06525872402756341,0.0,0.0,0.0,0.7271324365404623
2025-08-10,0.6233050715806766,-0.42803544143806593,1.733817676609774,0.6233050715806766,0.6233050715806766,0.02367454051640034,0.02367454051640034,0.02367454051640034,-0.04789596465666178,-0.04789596465666178,-0.04789596465666178,0.07157050517306211,0.07157050517306211,0.07157050517306211,0.0,0.0,0.0,0.646979612097077
2025-08-11,0.6230379852955538,-0.367293000334634,1.859176914627341,0.6230379852955538,0.6230379852955538,0.12023570785028889,0.12023570785028889,0.12023570785028889,0.04110505439450331,0.04110505439450331,0.04110505439450331,0.0791306534557856,0.0791306534557856,0.0791306534557856,0.0,0.0,0.0,0.7432736931458427
2025-08-12,0.6227708990104309,-0.5246176760898115,1.5777482655088608,0.6227708990104309,0.6227708990104309,-0.06100395769713361,-0.06100395769713361,-0.06100395769713361,-0.14880231483539133,-0.14880231483539133,-0.14880231483539133,0.0877983571382577,0.0877983571382577,0.0877983571382577,0.0,0.0,0.0,0.5617669413132973
2025-08-13,0.6225038127253081,-0.1920715258330396,1.8275393724968592,0.6225038127253081,0.6225038127253081,0.17721552215142994,0.17721552215142994,0.17721552215142994,0.07981640378317027,0.07981640378317027,0.07981640378317027,0.09739911836825967,0.09739911836825967,0.09739911836825967,0.0,0.0,0.0,0.799719334876738
2025-08-14,0.6222367264401852,-0.2909474714945664,1.8750269213622826,0.6222367264401852,0.6222367264401852,0.1263454135356411,0.1263454135356411,0.1263454135356411,0.018617575499793912,0.018617575499793912,0.018617575499793912,0.10772783803584719,0.10772783803584719,0.10772783803584719,0.0,0.0,0.0,0.7485821399758263
2025-08-15,0.6219696401550624,-0.298437293594785,1.7453145895683069,0.6219696401550624,0.6219696401550624,0.13741043235447825,0.13741043235447825,0.13741043235447825,0.01885769116705003,0.01885769116705003,0.01885769116705003,0.11855274118742821,0.11855274118742821,0.11855274118742821,0.0,0.0,0.0,0.7593800725095406
2025-08-16,0.6217025538699396,-0.2741754932247535,1.8352151603849653,0.6217025538699396,0.6217025538699396,0.16792163533629662,0.16792163533629662,0.16792163533629662,0.03830155464716027,0.03830155464716027,0.03830155464716027,0.12962008068913633,0.12962008068913633,0.12962008068913633,0.0,0.0,0.0,0.7896241892062361
2025-08-17,0.6214354675848167,-0.3558396795164144,1.7975419812268416,0.6214354675848167,0.6214354675848167,0.09276357016068437,0.09276357016068437,0.09276357016068437,-0.047895964656368556,-0.047895964656368556,-0.047895964656368556,0.14065953481705296,0.14065953481705296,0.14065953481705296,0.0,0.0,0.0,0.7141990377455011
2025-08-18,0.6211683812996939,-0.23322786016138802,1.9111796677937793,0.6211683812996939,0.6211683812996939,0.19249524802613194,0.19249524802613194,0.19249524802613194,0.04110505439432939,0.04110505439432939,0.04110505439432939,0.15139019363180256,0.15139019363180256,0.15139019363180256,0.0,0.0,0.0,0.8136636293258258
2025-08-19,0.620901295014571,-0.36987398958575385,1.7672609259109906,0.620901295014571,0.620901295014571,0.012724695159345625,0.012724695159345625,0.012724695159345625,-0.1488023148354804,-0.1488023148354804,-0.1488023148354804,0.161527009994826,0.161527009994826,0.161527009994826,0.0,0.0,0.0,0.6336259901739166
2025-08-20,0.6206342087294481,-0.1680287865850458,1.9285910531486907,0.6206342087294481,0.6206342087294481,0.25060397828100156,0.25060397828100156,0.25060397828100156,0.07981640378351725,0.07981640378351725,0.07981640378351725,0.1707875744974843,0.1707875744974843,0.1707875744974843,0.0,0.0,0.0,0.8712381870104496
2025-08-21,0.6203671224443252,-0.20969987195140555,1.7888459691918437,0.6203671224443252,0.6203671224443252,0.19751663544928,0.19751663544928,0.19751663544928,0.01861757550044753,0.01861757550044753,0.01861757550044753,0.17889905994883248,0.17889905994883248,0.17889905994883248,0.0,0.0,0.0,0.8178837578936052
2025-08-22,0.6201000361592024,-0.23747296274549626,1.906949587148522,0.6201000361592024,0.6201000361592024,0.20446286207132314,0.20446286207132314,0.20446286207132314,0.01885769116626798,0.01885769116626798,0.01885769116626798,0.18560517090505516,0.18560517090505516,0.18560517090505516,0.0,0.0,0.0,0.8245628982305255
2025-08-23,0.6198329498740796,-0.2690111382458863,1.8706591212630475,0.6198329498740796,0.6198329498740796,0.2289744820802296,0.2289744820802296,0.2289744820802296,0.03830155464730255,0.03830155464730255,0.03830155464730255,0.19067292743292705,0.19067292743292705,0.19067292743292705,0.0,0.0,0.0,0.8488074319543092
2025-08-24,0.6195658635889567,-0.26665723985299344,1.7762523209467298,0.6195658635889567,0.6195658635889567,0.14600314554871027,0.14600314554871027,0.14600314554871027,-0.04789596465639181,-0.04789596465639181,-0.04789596465639181,0.1938991102051021,0.1938991102051021,0.1938991102051021,0.0,0.0,0.0,0.765569009137667
2025-08-25,0.6192987773038339,-0.1751301669917713,1.9531935152713695,0.6192987773038339,0.6192987773038339,0.23622125074644756,0.23622125074644756,0.23622125074644756,0.04110505439415547,0.04110505439415547,0.04110505439415547,0.1951161963522921,0.1951161963522921,0.1951161963522921,0.0,0.0,0.0,0.8555200280502815
2025-08-26,0.619031691018711,-0.42304703289169304,1.7147392064523221,0.619031691018711,0.619031691018711,0.04539530750902408,0.04539530750902408,0.04539530750902408,-0.14880231483542927,-0.14880231483542927,-0.14880231483542927,0.19419762234445337,0.19419762234445337,0.19419762234445337,0.0,0.0,0.0,0.6644269985277351
2025-08-27,0.6187646047335882,-0.2103883356755758,1.8991848081791292,0.6187646047335882,0.6187646047335882,0.27087862531143725,0.27087862531143725,0.27087862531143725,0.07981640378350235,0.07981640378350235,0.07981640378350235,0.19106222152793484,0.19106222152793484,0.19106222152793484,0.0,0.0,0.0,0.8896432300450254
2025-08-28,0.6184975184484653,-0.28681602903671294,1.8704807553688156,0.6184975184484653,0.6184975184484653,0.20429527516608859,0.20429527516608859,0.20429527516608859,0.018617575500022195,0.018617575500022195,0.018617575500022195,0.1856776996660664,0.1856776996660664,0.1856776996660664,0.0,0.0,0.0,0.8227927936145539
2025-08-29,0.6182304321633425,-0.2090668993627,1.8228194198638101,0.6182304321633425,0.6182304321633425,0.1969207228121726,0.1969207228121726,0.1969207228121726,0.018857691166706353,0.018857691166706353,0.018857691166706353,0.17806303164546622,0.17806303164546622,0.17806303164546622,0.0,0.0,0.0,0.815151154975515
2025-08-30,0.6179633458782197,-0.19391237617051119,1.831046415793831,0.6179633458782197,0.6179633458782197,0.20659124068230122,0.20659124068230122,0.20659124068230122,0.03830155464744485,0.03830155464744485,0.03830155464744485,0.16828968603485636,0.16828968603485636,0.16828968603485636,0.0,0.0,0.0,0.8245545865605208
2025-08-31,0.6176962595930967,-0.3588223204608946,1.8279109550720611,0.6176962595930967,0.6176962595930967,0.10858564625039405,0.10858564625039405,0.10858564625039405,-0.0478959646560986,-0.0478959646560986,-0.0478959646560986,0.15648161090649262,0.15648161090649262,0.15648161090649262,0.0,0.0,0.0,0.7262819058434907
2025-09-01,0.6174291733079739,-0.1654509942676359,1.8392934244326826,0.6174291733079739,0.6174291733079739,0.18391899804275386,0.18391899804275386,0.18391899804275386,0.041105054394299484,0.041105054394299484,0.041105054394299484,0.14281394364845434,0.14281394364845434,0.14281394364845434,0.0,0.0,0.0,0.8013481713507278
2025-09-02,0.617162087022851,-0.4694699946193774,1.6600657098757834,0.617162087022851,0.617162087022851,-0.021291876134675834,-0.021291876134675834,-0.021291876134675834,-0.14880231483526563,-0.14880231483526563,-0.14880231483526563,0.1275104387005898,0.1275104387005898,0.1275104387005898,0.0,0.0,0.0,0.5958702108881752
2025-09-03,0.6168950007377282,-0.2433698370040403,1.8547651430701686,0.6168950007377282,0.6168950007377282,0.1906560432582753,0.1906560432582753,0.1906560432582753,0.07981640378348746,0.07981640378348746,0.07981640378348746,0.11083963947478781,0.11083963947478781,0.11083963947478781,0.0,0.0,0.0,0.8075510439960034
2025-09-04,0.6166279144526053,-0.3509861243584287,1.8354001790861552,0.6166279144526053,0.6166279144526053,0.11172742883040351,0.11172742883040351,0.11172742883040351,0.01861757550018406,0.01861757550018406,0.01861757550018406,0.09310985333021946,0.09310985333021946,0.09310985333021946,0.0,0.0,0.0,0.7283553432830089
2025-09-05,0.6163608281674825,-0.3692612230123007,1.8099872029715565,0.6163608281674825,0.6163608281674825,0.09352071168192541,0.09352071168192541,0.09352071168192541,0.018857691167144742,0.018857691167144742,0.018857691167144742,0.07466302051478069,0.07466302051478069,0.07466302051478069,0.0,0.0,0.0,0.7098815398494079
2025-09-06,0.6160937418823597,-0.3413774834373736,1.865085020052172,0.6160937418823597,0.6160937418823597,0.09416915323136155,0.09416915323136155,0.09416915323136155,0.038301554647027024,0.038301554647027024,0.038301554647027024,0.05586759858433452,0.05586759858433452,0.05586759858433452,0.0,0.0,0.0,0.7102628951137212
2025-09-07,0.6158266555972368,-0.447161763607472,1.6807388579360805,0.6158266555972368,0.6158266555972368,-0.01078535255000691,-0.01078535255000691,-0.01078535255000691,-0.04789596465620442,-0.04789596465620442,-0.04789596465620442,0.03711061210619752,0.03711061210619752,0.03711061210619752,0.0,0.0,0.0,0.6050413030472299
2025-09-08,0.615559569312114,-0.44800823001817275,1.7318118671447844,0.615559569312114,0.615559569312114,0.05989409703763078,0.05989409703763078,0.05989409703763078,0.04110505439412558,0.04110505439412558,0.04110505439412558,0.0187890426435052,0.0187890426435052,0.0187890426435052,0.0,0.0,0.0,0.6754536663497448
2025-09-09,0.6152924830269911,-0.5641657873888278,1.5708540663677284,0.6152924830269911,0.6152924830269911,-0.14750155950700727,-0.14750155950700727,-0.14750155950700727,-0.1488023148354673,-0.1488023148354673,-0.1488023148354673,0.001300755328460029,0.001300755328460029,0.001300755328460029,0.0,0.0,0.0,0.46779092351998386
2025-09-10,0.6150253967418683,-0.3842322533914272,1.8007855366335523,0.6150253967418683,0.6150253967418683,0.06485157889883726,0.06485157889883726,0.06485157889883726,0.07981640378347257,0.07981640378347257,0.07981640378347257,-0.014964824884635321,-0.014964824884635321,-0.014964824884635321,0.0,0.0,0.0,0.6798769756407056
2025-09-11,0.6147583104567454,-0.42432941985755307,1.6804698532774511,0.6147583104567454,0.6147583104567454,-0.011018487018565042,-0.011018487018565042,-0.011018487018565042,0.018617575499758742,0.018617575499758742,0.018617575499758742,-0.029636062518323784,-0.029636062518323784,-0.029636062518323784,0.0,0.0,0.0,0.6037398234381804
2025-09-12,0.6144912241716226,-0.481416402609659,1.6751670947983144,0.6144912241716226,0.6144912241716226,-0.023510564346990122,-0.023510564346990122,-0.023510564346990122,0.018857691166544035,0.018857691166544035,0.018857691166544035,-0.04236825551353415,-0.04236825551353415,-0.04236825551353415,0.0,0.0,0.0,0.5909806598246324
2025-09-13,0.6142241378864998,-0.5457937198151368,1.551529825125865,0.6142241378864998,0.6142241378864998,-0.01455078795036157,-0.01455078795036157,-0.01455078795036157,0.03830155464772943,0.03830155464772943,0.03830155464772943,-0.05285234259809099,-0.05285234259809099,-0.05285234259809099,0.0,0.0,0.0,0.5996733499361382
2025-09-14,0.6139570516013768,-0.6135824755919965,1.562256817267794,0.6139570516013768,0.6139570516013768,-0.10871891320740446,-0.10871891320740446,-0.10871891320740446,-0.04789596465631026,-0.04789596465631026,-0.04789596465631026,-0.060822948551094214,-0.060822948551094214,-0.060822948551094214,0.0,0.0,0.0,0.5052381383939724
2025-09-15,0.613689965316254,-0.5390207522151961,1.6468476770817582,0.613689965316254,0.613689965316254,-0.0249604990916032,-0.0249604990916032,-0.0249604990916032,0.04110505439439223,0.04110505439439223,0.04110505439439223,-0.06606555348599544,-0.06606555348599544,-0.06606555348599544,0.0,0.0,0.0,0.5887294662246507
2025-09-16,0.6134228790311311,-0.6379821569205206,1.5490569898691164,0.6134228790311311,0.6134228790311311,-0.21722490457261837,-0.21722490457261837,-0.21722490457261837,-0.1488023148354162,-0.1488023148354162,-0.1488023148354162,-0.06842258973720215,-0.06842258973720215,-0.06842258973720215,0.0,0.0,0.0,0.3961979744585128
2025-09-17,0.6131557927460083,-0.4028247210611869,1.7984420622963782,0.6131557927460083,0.6131557927460083,0.012018110919179105,0.012018110919179105,0.012018110919179105,0.07981640378381955,0.07981640378381955,0.07981640378381955,-0.06779829286464045,-0.06779829286464045,-0.06779829286464045,0.0,0.0,0.0,0.6251739036651874
2025-09-18,0.6128887064608854,-0.49708510847924825,1.6501605482274448,0.6128887064608854,0.6128887064608854,-0.04554458570568729,-0.04554458570568729,-0.04554458570568729,0.018617575499872877,0.018617575499872877,0.018617575499872877,-0.06416216120556018,-0.06416216120556018,-0.06416216120556018,0.0,0.0,0.0,0.5673441207551981
2025-09-19,0.6126216201757626,-0.46166021851272504,1.6088136419725692,0.6126216201757626,0.6126216201757626,-0.038693219501987855,-0.038693219501987855,-0.038693219501987855,0.01885769116698241,0.01885769116698241,0.01885769116698241,-0.057550910668970265,-0.057550910668970265,-0.057550910668970265,0.0,0.0,0.0,0.5739284006737747
2025-09-20,0.6123545338906398,-0.40738545548213506,1.628904166474825,0.6123545338906398,0.6123545338906398,-0.00976729267481072,-0.00976729267481072,-0.00976729267481072,0.03830155464723018,0.03830155464723018,0.03830155464723018,-0.0480688473220409,-0.0480688473220409,-0.0480688473220409,0.0,0.0,0.0,0.6025872412158291
2025-09-21,0.6120874476055169,-0.5494869771205968,1.6177912055938284,0.6120874476055169,0.6120874476055169,-0.08378258354445632,-0.08378258354445632,-0.08378258354445632,-0.0478959646564161,-0.0478959646564161,-0.0478959646564161,-0.03588661888804021,-0.03588661888804021,-0.03588661888804021,0.0,0.0,0.0,0.5283048640610606
2025-09-22,0.6118203613203941,-0.438756879558817,1.6546953418836812,0.6118203613203941,0.6118203613203941,0.019866707801582725,0.019866707801582725,0.019866707801582725,0.04110505439421833,0.04110505439421833,0.04110505439421833,-0.021238346592635602,-0.021238346592635602,-0.021238346592635602,0.0,0.0,0.0,0.6316870691219768
2025-09-23,0.6115532750352712,-0.5975229790837393,1.5495919643478662,0.6115532750352712,0.6115532750352712,-0.15321949467086401,-0.15321949467086401,-0.15321949467086401,-0.14880231483547773,-0.14880231483547773,-0.14880231483547773,-0.004417179835386285,-0.004417179835386285,-0.004417179835386285,0.0,0.0,0.0,0.4583337803644072
2025-09-24,0.6112861887501484,-0.3408588433364486,1.7129903583434072,0.6112861887501484,0.6112861887501484,0.09404704693482362,0.09404704693482362,0.09404704693482362,0.07981640378344279,0.07981640378344279,0.07981640378344279,0.01423064315138082,0.01423064315138082,0.01423064315138082,0.0,0.0,0.0,0.705333235684972
2025-09-25,0.6110191024650256,-0.44905896842859466,1.673966625553369,0.6110191024650256,0.6110191024650256,0.052930681733525345,0.052930681733525345,0.052930681733525345,0.018617575499987007,0.018617575499987007,0.018617575499987007,0.03431310623353834,0.03431310623353834,0.03431310623353834,0.0,0.0,0.0,0.6639497841985509
2025-09-26,0.6107520161799027,-0.3420841865193469,1.7171355126097239,0.6107520161799027,0.6107520161799027,0.07425862987173906,0.07425862987173906,0.07425862987173906,0.018857691166200355,0.018857691166200355,0.018857691166200355,0.055400938705538715,0.055400938705538715,0.055400938705538715,0.0,0.0,0.0,0.6850106460516417
2025-09-27,0.6104849298947799,-0.3226794220492923,1.7606740218469672,0.6104849298947799,0.6104849298947799,0.11533871321058883,0.11533871321058883,0.11533871321058883,0.03830155464737246,0.03830155464737246,0.03830155464737246,0.07703715856321638,0.07703715856321638,0.07703715856321638,0.0,0.0,0.0,0.7258236431053687
2025-09-28,0.610217843609657,-0.38776478890036564,1.7445912122111011,0.610217843609657,0.610217843609657,0.05085144977265022,0.05085144977265022,0.05085144977265022,-0.047895964656122864,-0.047895964656122864,-0.047895964656122864,0.09874741442877309,0.09874741442877309,0.09874741442877309,0.0,0.0,0.0,0.6610692933823072
2025-09-29,0.6099507573245341,-0.3174888280274419,1.852132077945261,0.6099507573245341,0.6099507573245341,0.16115593567234665,0.16115593567234665,0.16115593567234665,0.041105054394362364,0.041105054394362364,0.041105054394362364,0.12005088127798429,0.12005088127798429,0.12005088127798429,0.0,0.0,0.0,0.7711066929968807
2025-09-30,0.6096836710394112,-0.48338950426856764,1.6690465929880114,0.6096836710394112,0.6096836710394112,-0.00833086730803778,-0.00833086730803778,-0.00833086730803778,-0.14880231483553924,-0.14880231483553924,-0.14880231483553924,0.14047144752750146,0.14047144752750146,0.14047144752750146,0.0,0.0,0.0,0.6013528037313735
2025-10-01,0.6094165847542884,-0.23944165299632036,1.876611634930497,0.6094165847542884,0.6094165847542884,0.23936532375782302,0.23936532375782302,0.23936532375782302,0.07981640378341812,0.07981640378341812,0.07981640378341812,0.1595489199744049,0.1595489199744049,0.1595489199744049,0.0,0.0,0.0,0.8487819085121114
2025-10-02,0.6091494984691656,-0.25634032582736577,1.7925986190773313,0.6091494984691656,0.6091494984691656,0.19546754443365785,0.19546754443365785,0.19546754443365785,0.018617575500101152,0.018617575500101152,0.018617575500101152,0.1768499689335567,0.1768499689335567,0.1768499689335567,0.0,0.0,0.0,0.8046170429028234
2025-10-03,0.6088824121840426,-0.25004258746887215,1.9125853220931641,0.6088824121840426,0.6088824121840426,0.2108362300557139,0.2108362300557139,0.2108362300557139,0.018857691166638747,0.018857691166638747,0.018857691166638747,0.19197853888907515,0.19197853888907515,0.19197853888907515,0.0,0.0,0.0,0.8197186422397564
2025-10-04,0.6086153258989198,-0.12518181322919772,2.03029667168608,0.6086153258989198,0.6086153258989198,0.24288701474426894,0.24288701474426894,0.24288701474426894,0.03830155464695465,0.03830155464695465,0.03830155464695465,0.2045854600973143,0.2045854600973143,0.2045854600973143,0.0,0.0,0.0,0.8515023406431887
2025-10-05,0.6083482396137969,-0.25131382653303785,1.9430976176179695,0.6083482396137969,0.6083482396137969,0.1664810490135404,0.1664810490135404,0.1664810490135404,-0.047895964656627765,-0.047895964656627765,-0.047895964656627765,0.21437701367016815,0.21437701367016815,0.21437701367016815,0.0,0.0,0.0,0.7748292886273374
2025-10-06,0.6080811533286741,-0.2128372017539751,1.9258391710232392,0.6080811533286741,0.6080811533286741,0.26222728077476143,0.26222728077476143,0.26222728077476143,0.041105054394629026,0.041105054394629026,0.041105054394629026,0.22112222638013243,0.22112222638013243,0.22112222638013243,0.0,0.0,0.0,0.8703084341034355
2025-10-07,0.6078140670435512,-0.3356887576857459,1.769729334113306,0.6078140670435512,0.6078140670435512,0.07585638637614878,0.07585638637614878,0.07585638637614878,-0.1488023148353756,-0.1488023148353756,-0.1488023148353756,0.22465870121152437,0.22465870121152437,0.22465870121152437,0.0,0.0,0.0,0.6836704534197
2025-10-08,0.6075469807584284,-0.16566069539838985,1.9142114727385642,0.6075469807584284,0.6075469807584284,0.30471322861982586,0.30471322861982586,0.30471322861982586,0.07981640378340323,0.07981640378340323,0.07981640378340323,0.22489682483642262,0.22489682483642262,0.22489682483642262,0.0,0.0,0.0,0.9122602093782542
2025-10-09,0.6072798944733055,-0.26426943372069456,1.9731756562927185,0.6072798944733055,0.6072798944733055,0.2404398083474428,0.2404398083474428,0.2404398083474428,0.018617575500263016,0.018617575500263016,0.018617575500263016,0.22182223284717975,0.22182223284717975,0.22182223284717975,0.0,0.0,0.0,0.8477197028207484
2025-10-10,0.6070128081881827,-0.23767895322140764,1.8698344495227628,0.6070128081881827,0.6070128081881827,0.23435414791245274,0.23435414791245274,0.23435414791245274,0.0188576911664669,0.0188576911664669,0.0188576911664669,0.21549645674598583,0.21549645674598583,0.21549645674598583,0.0,0.0,0.0,0.8413669561006354
2025-10-11,0.6067457219030599,-0.20065177003312676,1.9214029925769178,0.6067457219030599,0.6067457219030599,0.24435727691471568,0.24435727691471568,0.24435727691471568,0.038301554646536826,0.038301554646536826,0.038301554646536826,0.20605572226817886,0.20605572226817886,0.20605572226817886,0.0,0.0,0.0,0.8511029988177755
2025-10-12,0.606478635617937,-0.31287585715631444,1.8814101755104402,0.606478635617937,0.606478635617937,0.14581195077697545,0.14581195077697545,0.14581195077697545,-0.04789596465625197,-0.04789596465625197,-0.04789596465625197,0.1937079154332274,0.1937079154332274,0.1937079154332274,0.0,0.0,0.0,0.7522905863949125
2025-10-13,0.6062115493328142,-0.25438888276324895,1.9003580240917035,0.6062115493328142,0.6062115493328142,0.21983283394376313,0.21983283394376313,0.21983283394376313,0.04110505439461408,0.04110505439461408,0.04110505439461408,0.17872777954914904,0.17872777954914904,0.17872777954914904,0.0,0.0,0.0,0.8260443832765774
2025-10-14,0.6059444630476913,-0.5119119031705688,1.7190881005888556,0.6059444630476913,0.6059444630476913,0.012648137171962504,0.012648137171962504,0.012648137171962504,-0.1488023148354371,-0.1488023148354371,-0.1488023148354371,0.1614504520073996,0.1614504520073996,0.1614504520073996,0.0,0.0,0.0,0.6185926002196538
2025-10-15,0.6056773767625685,-0.21879038426540837,1.8398590932815015,0.6056773767625685,0.6056773767625685,0.22207989667238273,0.22207989667238273,0.22207989667238273,0.07981640378375018,0.07981640378375018,0.07981640378375018,0.14226349288863255,0.14226349288863255,0.14226349288863255,0.0,0.0,0.0,0.8277572734349512
2025-10-16,0.6054102904774457,-0.27651053033342093,1.7955543537774374,0.6054102904774457,0.6054102904774457,0.14021517248487014,0.14021517248487014,0.14021517248487014,0.018617575500377154,0.018617575500377154,0.018617575500377154,0.12159759698449298,0.12159759698449298,0.12159759698449298,0.0,0.0,0.0,0.7456254629623158
2025-10-17,0.6051432041923227,-0.3701073777654354,1.8448775926144745,0.6051432041923227,0.6051432041923227,0.11877390692356835,0.11877390692356835,0.11877390692356835,0.018857691166476412,0.018857691166476412,0.018857691166476412,0.09991621575709195,0.09991621575709195,0.09991621575709195,0.0,0.0,0.0,0.7239171111158911
2025-10-18,0.6048761179071999,-0.3021641791192716,1.827563628547751,0.6048761179071999,0.6048761179071999,0.11600589969407366,0.11600589969407366,0.11600589969407366,0.03830155464723922,0.03830155464723922,0.03830155464723922,0.07770434504683443,0.07770434504683443,0.07770434504683443,0.0,0.0,0.0,0.7208820176012736
2025-10-19,0.604609031622077,-0.42075920014065393,1.7119268165267905,0.604609031622077,0.604609031622077,0.00756079251704643,0.00756079251704643,0.00756079251704643,-0.0478959646563578,-0.0478959646563578,-0.0478959646563578,0.055456757173404224,0.055456757173404224,0.055456757173404224,0.0,0.0,0.0,0.6121698241391235
2025-10-20,0.6043419453369542,-0.3625585893023997,1.7285361890620972,0.6043419453369542,0.6043419453369542,0.07477102620738828,0.07477102620738828,0.07477102620738828,0.04110505439444016,0.04110505439444016,0.04110505439444016,0.033665971812948114,0.033665971812948114,0.033665971812948114,0.0,0.0,0.0,0.6791129715443425
2025-10-21,0.6040748590518313,-0.5725846481672778,1.5492244401982922,0.6040748590518313,0.6040748590518313,-0.13599204663606135,-0.13599204663606135,-0.13599204663606135,-0.148802314835386,-0.148802314835386,-0.148802314835386,0.012810268199324668,0.012810268199324668,0.012810268199324668,0.0,0.0,0.0,0.46808281241577
2025-10-22,0.6038077727667085,-0.30684109661839887,1.7652848600949997,0.6038077727667085,0.6038077727667085,0.07315844531141186,0.07315844531141186,0.07315844531141186,0.07981640378409717,0.07981640378409717,0.07981640378409717,-0.0066579584726853165,-0.0066579584726853165,-0.0066579584726853165,0.0,0.0,0.0,0.6769662180781204
2025-10-23,0.6035406864815857,-0.5077937971970982,1.709256946675991,0.6035406864815857,0.6035406864815857,-0.005705625638650095,-0.005705625638650095,-0.005705625638650095,0.018617575499951827,0.018617575499951827,0.018617575499951827,-0.02432320113860192,-0.02432320113860192,-0.02432320113860192,0.0,0.0,0.0,0.5978350608429356
2025-10-24,0.6032736001964628,-0.43093768586751346,1.694685781675223,0.6032736001964628,0.6032736001964628,-0.020959234294770094,-0.020959234294770094,-0.020959234294770094,0.018857691166304574,0.018857691166304574,0.018857691166304574,-0.03981692546107467,-0.03981692546107467,-0.03981692546107467,0.0,0.0,0.0,0.5823143659016927
2025-10-25,0.60300651391134,-0.5000101665277984,1.5963187484309171,0.60300651391134,0.60300651391134,-0.014524923006635791,-0.014524923006635791,-0.014524923006635791,0.03830155464682141,0.03830155464682141,0.03830155464682141,-0.0528264776534572,-0.0528264776534572,-0.0528264776534572,0.0,0.0,0.0,0.5884815909047042
2025-10-26,0.6027394276262171,-0.5298891765906508,1.5697417223480588,0.6027394276262171,0.6027394276262171,-0.11099855244491662,-0.11099855244491662,-0.11099855244491662,-0.04789596465646363,-0.04789596465646363,-0.04789596465646363,-0.06310258778845299,-0.06310258778845299,-0.06310258778845299,0.0,0.0,0.0,0.4917408751813005
2025-10-27,0.6024723413410943,-0.48338663019086797,1.5830265757479114,0.6024723413410943,0.6024723413410943,-0.029360222073026195,-0.029360222073026195,-0.029360222073026195,0.04110505439442522,0.04110505439442522,0.04110505439442522,-0.07046527646745142,-0.07046527646745142,-0.07046527646745142,0.0,0.0,0.0,0.573112119268068
2025-10-28,0.6022052550559713,-0.6787036872637012,1.498264908400935,0.6022052550559713,0.6022052550559713,-0.2236103283479511,-0.2236103283479511,-0.2236103283479511,-0.14880231483547507,-0.14880231483547507,-0.14880231483547507,-0.074808013512476,-0.074808013512476,-0.074808013512476,0.0,0.0,0.0,0.3785949267080202
2025-10-29,0.6019381687708485,-0.41154423527408995,1.653670591023348,0.6019381687708485,0.6019381687708485,0.0037163815431016586,0.0037163815431016586,0.0037163815431016586,0.0798164037837204,0.0798164037837204,0.0798164037837204,-0.07610002224061875,-0.07610002224061875,-0.07610002224061875,0.0,0.0,0.0,0.6056545503139501
2025-10-30,0.6016710824857257,-0.589324384960421,1.6304058806207489,0.6016710824857257,0.6016710824857257,-0.055769095208680126,-0.055769095208680126,-0.055769095208680126,0.018617575500605436,0.018617575500605436,0.018617575500605436,-0.07438667070928556,-0.07438667070928556,-0.07438667070928556,0.0,0.0,0.0,0.5459019872770455
2025-10-31,0.6014039962006028,-0.5326047915312117,1.6333756721803496,0.6014039962006028,0.6014039962006028,-0.050930249660926435,-0.050930249660926435,-0.050930249660926435,0.01885769116674295,0.01885769116674295,0.01885769116674295,-0.06978794082766938,-0.06978794082766938,-0.06978794082766938,0.0,0.0,0.0,0.5504737465396764
2025-11-01,0.60113690991548,-0.5401032231632575,1.6667175123114137,0.60113690991548,0.60113690991548,-0.02419346145419239,-0.02419346145419239,-0.02419346145419239,0.03830155464696369,0.03830155464696369,0.03830155464696369,-0.06249501610115609,-0.06249501610115609,-0.06249501610115609,0.0,0.0,0.0,0.5769434484612875
2025-11-02,0.6008698236303571,-0.5397677049090656,1.5148760027843777,0.6008698236303571,0.6008698236303571,-0.10066104234129472,-0.10066104234129472,-0.10066104234129472,-0.04789596465648689,-0.04789596465648689,-0.04789596465648689,-0.05276507768480782,-0.05276507768480782,-0.05276507768480782,0.0,0.0,0.0,0.5002087812890624
2025-11-03,0.6006027373452343,-0.4518131103723321,1.6520436045910754,0.6006027373452343,0.6006027373452343,0.0001906093300539126,0.0001906093300539126,0.0001906093300539126,0.04110505439425128,0.04110505439425128,0.04110505439425128,-0.040914445064197356,-0.040914445064197356,-0.040914445064197356,0.0,0.0,0.0,0.6007933466752882
2025-11-04,0.6003356510601114,-0.6297766054729335,1.5393271066691516,0.6003356510601114,0.6003356510601114,-0.1761125556425351,-0.1761125556425351,-0.1761125556425351,-0.148802314835424,-0.148802314835424,-0.148802314835424,-0.0273102408071111,-0.0273102408071111,-0.0273102408071111,0.0,0.0,0.0,0.4242230954175763
2025-11-05,0.6000685647749886,-0.4324877053107591,1.7274022563108415,0.6000685647749886,0.6000685647749886,0.06745560650724612,0.06745560650724612,0.06745560650724612,0.07981640378406737,0.07981640378406737,0.07981640378406737,-0.012360797276821265,-0.012360797276821265,-0.012360797276821265,0.0,0.0,0.0,0.6675241712822347
2025-11-06,0.5998014784898658,-0.42153577553882693,1.6672520066177252,0.5998014784898658,0.5998014784898658,0.02211251957368164,0.02211251957368164,0.02211251957368164,0.018617575500180096,0.018617575500180096,0.018617575500180096,0.003494944073501546,0.003494944073501546,0.003494944073501546,0.0,0.0,0.0,0.6219139980635474
2025-11-07,0.5995343922047429,-0.39152431430776075,1.7336399020704774,0.5995343922047429,0.5995343922047429,0.03865645524017168,0.03865645524017168,0.03865645524017168,0.018857691166571107,0.018857691166571107,0.018857691166571107,0.019798764073600577,0.019798764073600577,0.019798764073600577,0.0,0.0,0.0,0.6381908474449146
2025-11-08,0.5992673059196201,-0.38414326385058456,1.7244146813448078,0.5992673059196201,0.5992673059196201,0.07438648696076561,0.07438648696076561,0.07438648696076561,0.038301554647024554,0.038301554647024554,0.038301554647024554,0.03608493231374104,0.03608493231374104,0.03608493231374104,0.0,0.0,0.0,0.6736537928803856
2025-11-09,0.5990002196344972,-0.48874339999185024,1.6817206348543166,0.5990002196344972,0.5990002196344972,0.003996137522078941,0.003996137522078941,0.003996137522078941,-0.047895964656592724,-0.047895964656592724,-0.047895964656592724,0.05189210217867167,0.05189210217867167,0.05189210217867167,0.0,0.0,0.0,0.6029963571565762
2025-11-10,0.5987331333493744,-0.3497372427616303,1.744404178577368,0.5987331333493744,0.5987331333493744,0.10788007943530221,0.10788007943530221,0.10788007943530221,0.04110505439439533,0.04110505439439533,0.04110505439439533,0.06677502504090688,0.06677502504090688,0.06677502504090688,0.0,0.0,0.0,0.7066132127846766
2025-11-11,0.5984660470642515,-0.5495549815659009,1.6620270199642793,0.5984660470642515,0.5984660470642515,-0.06848653524933267,-0.06848653524933267,-0.06848653524933267,-0.1488023148354855,-0.1488023148354855,-0.1488023148354855,0.08031577958615284,0.08031577958615284,0.08031577958615284,0.0,0.0,0.0,0.5299795118149189
2025-11-12,0.5981989607791286,-0.3869500032126744,1.8566475430544234,0.5981989607791286,0.5981989607791286,0.1719506294847325,0.1719506294847325,0.1719506294847325,0.07981640378331897,0.07981640378331897,0.07981640378331897,0.09213422570141352,0.09213422570141352,0.09213422570141352,0.0,0.0,0.0,0.7701495902638611
2025-11-13,0.5979318744940058,-0.41547442697490705,1.8152337768891391,0.5979318744940058,0.5979318744940058,0.12051498903588709,0.12051498903588709,0.12051498903588709,0.018617575500341967,0.018617575500341967,0.018617575500341967,0.10189741353554513,0.10189741353554513,0.10189741353554513,0.0,0.0,0.0,0.7184468635298928
2025-11-14,0.5976647882088829,-0.36714240032472095,1.7745558709736307,0.5976647882088829,0.5976647882088829,0.12818539785360256,0.12818539785360256,0.12818539785360256,0.018857691167009482,0.018857691167009482,0.018857691167009482,0.10932770668659308,0.10932770668659308,0.10932770668659308,0.0,0.0,0.0,0.7258501860624855
2025-11-15,0.59739770192376,-0.32829671922133996,1.8152137118115508,0.59739770192376,0.59739770192376,0.15251096785894255,0.15251096785894255,0.15251096785894255,0.038301554647166836,0.038301554647166836,0.038301554647166836,0.11420941321177572,0.11420941321177572,0.11420941321177572,0.0,0.0,0.0,0.7499086697827025
2025-11-16,0.5971306156386371,-0.39711264167828414,1.730017929497443,0.5971306156386371,0.5971306156386371,0.06849779370235551,0.06849779370235551,0.06849779370235551,-0.04789596465669857,-0.04789596465669857,-0.04789596465669857,0.11639375835905408,0.11639375835905408,0.11639375835905408,0.0,0.0,0.0,0.6656284093409927
2025-11-17,0.5968635293535143,-0.29159006539648336,1.7863667629578137,0.5968635293535143,0.5968635293535143,0.15690713189291544,0.15690713189291544,0.15690713189291544,0.041105054394221414,0.041105054394221414,0.041105054394221414,0.115802077498694,0.115802077498694,0.115802077498694,0.0,0.0,0.0,0.7537706612464297
2025-11-18,0.5965964430683914,-0.5479228674517536,1.6267479863158383,0.5965964430683914,0.5965964430683914,-0.03637515935382715,-0.03637515935382715,-0.03637515935382715,-0.14880231483543443,-0.14880231483543443,-0.14880231483543443,0.11242715548160728,0.11242715548160728,0.11242715548160728,0.0,0.0,0.0,0.5602212837145643
2025-11-19,0.5963293567832686,-0.31781431413926897,1.8034328275338085,0.5963293567832686,0.5963293567832686,0.18614909205757232,0.18614909205757232,0.18614909205757232,0.07981640378366593,0.07981640378366593,0.07981640378366593,0.1063326882739064,0.1063326882739064,0.1063326882739064,0.0,0.0,0.0,0.782478448840841
2025-11-20,0.5960622704981458,-0.2896859858859476,1.7539151771572072,0.5960622704981458,0.5960622704981458,0.11626846837311682,0.11626846837311682,0.11626846837311682,0.01861757550045611,0.01861757550045611,0.01861757550045611,0.09765089287266071,0.09765089287266071,0.09765089287266071,0.0,0.0,0.0,0.7123307388712625
2025-11-21,0.5957951842130229,-0.39236177021911106,1.7739208463876475,0.5957951842130229,0.5957951842130229,0.10543603199546953,0.10543603199546953,0.10543603199546953,0.018857691166227434,0.018857691166227434,0.018857691166227434,0.0865783408292421,0.0865783408292421,0.0865783408292421,0.0,0.0,0.0,0.7012312162084924
2025-11-22,0.5955280979279001,-0.24862665887757443,1.7967047072924773,0.5955280979279001,0.5955280979279001,0.11167169251009426,0.11167169251009426,0.11167169251009426,0.03830155464730914,0.03830155464730914,0.03830155464730914,0.07337013786278512,0.07337013786278512,0.07337013786278512,0.0,0.0,0.0,0.7071997904379943
2025-11-23,0.5952610116427772,-0.3830275270147454,1.6622380803297938,0.5952610116427772,0.5952610116427772,0.010436651098588478,0.010436651098588478,0.010436651098588478,-0.047895964656405346,-0.047895964656405346,-0.047895964656405346,0.05833261575499382,0.05833261575499382,0.05833261575499382,0.0,0.0,0.0,0.6056976627413657
2025-11-24,0.5949939253576544,-0.3867479273377606,1.800394234214681,0.5949939253576544,0.5949939253576544,0.0829197961890579,0.0829197961890579,0.0829197961890579,0.041105054394488076,0.041105054394488076,0.041105054394488076,0.04181474179456981,0.04181474179456981,0.04181474179456981,0.0,0.0,0.0,0.6779137215467123
2025-11-25,0.5947268390725315,-0.5850952729086603,1.5839591333209182,0.5947268390725315,0.5947268390725315,-0.12460383040501509,-0.12460383040501509,-0.12460383040501509,-0.14880231483549594,-0.14880231483549594,-0.14880231483549594,0.02419848443048087,0.02419848443048087,0.02419848443048087,0.0,0.0,0.0,0.47012300866751644
2025-11-26,0.5944597527874087,-0.429340735482797,1.7229277374809064,0.5944597527874087,0.5944597527874087,0.0857048043798764,0.0857048043798764,0.0857048043798764,0.07981640378365104,0.07981640378365104,0.07981640378365104,0.00588840059622538,0.00588840059622538,0.00588840059622538,0.0,0.0,0.0,0.6801645571672851
2025-11-27,0.5941926665022859,-0.44710038056624285,1.7183643179564654,0.5941926665022859,0.5941926665022859,0.0059183051658479036,0.0059183051658479036,0.0059183051658479036,0.018617575500570246,0.018617575500570246,0.018617575500570246,-0.012699270334722342,-0.012699270334722342,-0.012699270334722342,0.0,0.0,0.0,0.6001109716681338
2025-11-28,0.593925580217163,-0.544659879473974,1.6203767404152407,0.593925580217163,0.593925580217163,-0.01229001816296589,-0.01229001816296589,-0.01229001816296589,0.018857691166665812,0.018857691166665812,0.018857691166665812,-0.031147709329631706,-0.031147709329631706,-0.031147709329631706,0.0,0.0,0.0,0.5816355620541971
2025-11-29,0.5936584939320402,-0.5619958296911227,1.5838840139449692,0.5936584939320402,0.5936584939320402,-0.010748962383734075,-0.010748962383734075,-0.010748962383734075,0.038301554647369986,0.038301554647369986,0.038301554647369986,-0.04905051703110405,-0.04905051703110405,-0.04905051703110405,0.0,0.0,0.0,0.582909531548306
2025-11-30,0.5933914076469172,-0.5345225784714503,1.6332142856351326,0.5933914076469172,0.5933914076469172,-0.11391827877178143,-0.11391827877178143,-0.11391827877178143,-0.04789596465611211,-0.04789596465611211,-0.04789596465611211,-0.06602231411566932,-0.06602231411566932,-0.06602231411566932,0.0,0.0,0.0,0.4794731288751358
2025-12-01,0.5931243213617944,-0.5191625098942474,1.6132267468464945,0.5931243213617944,0.5931243213617944,-0.04060360545897274,-0.04060360545897274,-0.04060360545897274,0.04110505439447313,0.04110505439447313,0.04110505439447313,-0.08170865985344586,-0.08170865985344586,-0.08170865985344586,0.0,0.0,0.0,0.5525207159028216
2025-12-02,0.5928572350766715,-0.7397307358111225,1.3963644694155335,0.5928572350766715,0.5928572350766715,-0.24459734127082025,-0.24459734127082025,-0.24459734127082025,-0.1488023148353323,-0.1488023148353323,-0.1488023148353323,-0.09579502643548798,-0.09579502643548798,-0.09579502643548798,0.0,0.0,0.0,0.3482598938058513
2025-12-03,0.5925901487915487,-0.5136031748149991,1.718517255902747,0.5925901487915487,0.5925901487915487,-0.028198190338046356,-0.028198190338046356,-0.028198190338046356,0.07981640378363615,0.07981640378363615,0.07981640378363615,-0.1080145941216825,-0.1080145941216825,-0.1080145941216825,0.0,0.0,0.0,0.5643919584535023
2025-12-04,0.5923230625064259,-0.5508374946351186,1.5282093531562535,0.5923230625064259,0.5923230625064259,-0.09953709057322041,-0.09953709057322041,-0.09953709057322041,0.01861757550014491,0.01861757550014491,0.01861757550014491,-0.11815466607336532,-0.11815466607336532,-0.11815466607336532,0.0,0.0,0.0,0.49278597193320545
2025-12-05,0.592055976221303,-0.5594055914877378,1.5778619652217187,0.592055976221303,0.592055976221303,-0.10720384974435186,-0.10720384974435186,-0.10720384974435186,0.018857691166675326,0.018857691166675326,0.018857691166675326,-0.1260615409110272,-0.1260615409110272,-0.1260615409110272,0.0,0.0,0.0,0.48485212647695114
2025-12-06,0.5917888899361802,-0.6056872299838043,1.59871012551703,0.5917888899361802,0.5917888899361802,-0.09334216983964082,-0.09334216983964082,-0.09334216983964082,0.03830155464695216,0.03830155464695216,0.03830155464695216,-0.13164372448659298,-0.13164372448659298,-0.13164372448659298,0.0,0.0,0.0,0.49844672009653934
2025-12-07,0.5915218036510573,-0.6911980146771127,1.4683191177133497,0.5915218036510573,0.5915218036510573,-0.18276937351532396,-0.18276937351532396,-0.18276937351532396,-0.047895964656217954,-0.047895964656217954,-0.047895964656217954,-0.134873408859106,-0.134873408859106,-0.134873408859106,0.0,0.0,0.0,0.40875243013573337
2025-12-08,0.5912547173659345,-0.5575045288874731,1.6058556040559726,0.5912547173659345,0.5912547173659345,-0.09468114032376745,-0.09468114032376745,-0.09468114032376745,0.04110505439445819,0.04110505439445819,0.04110505439445819,-0.13578619471822564,-0.13578619471822564,-0.13578619471822564,0.0,0.0,0.0,0.49657357704216704
2025-12-09,0.5909876310808116,-0.7848736742361165,1.4383033876840903,0.5909876310808116,0.5909876310808116,-0.2832813969985767,-0.2832813969985767,-0.2832813969985767,-0.14880231483542136,-0.14880231483542136,-0.14880231483542136,-0.13447908216315532,-0.13447908216315532,-0.13447908216315532,0.0,0.0,0.0,0.30770623408223496
2025-12-10,0.5907205447956888,-0.5128642516420149,1.625402637003322,0.5907205447956888,0.5907205447956888,-0.05129039868177352,-0.05129039868177352,-0.05129039868177352,0.0798164037832496,0.0798164037832496,0.0798164037832496,-0.1311068024650231,-0.1311068024650231,-0.1311068024650231,0.0,0.0,0.0,0.5394301461139153
2025-12-11,0.590453458510566,-0.5381750635920133,1.6253061370550461,0.590453458510566,0.590453458510566,-0.10725903338812813,-0.10725903338812813,-0.10725903338812813,0.01861757549971959,0.01861757549971959,0.01861757549971959,-0.1258766088878477,-0.1258766088878477,-0.1258766088878477,0.0,0.0,0.0,0.4831944251224378
2025-12-12,0.5901863722254431,-0.5646366505283417,1.6045317782743684,0.5901863722254431,0.5901863722254431,-0.10018399539831238,-0.10018399539831238,-0.10018399539831238,0.01885769116650348,0.01885769116650348,0.01885769116650348,-0.11904168656481585,-0.11904168656481585,-0.11904168656481585,0.0,0.0,0.0,0.49000237682713077
2025-12-13,0.5899192859403203,-0.538010329354726,1.6694929158371339,0.5899192859403203,0.5899192859403203,-0.07259182401311773,-0.07259182401311773,-0.07259182401311773,0.03830155464765456,0.03830155464765456,0.03830155464765456,-0.11089337866077228,-0.11089337866077228,-0.11089337866077228,0.0,0.0,0.0,0.5173274619272026
2025-12-14,0.5896521996551973,-0.6486924260617142,1.4343895108970233,0.5896521996551973,0.5896521996551973,-0.14964842222715377,-0.14964842222715377,-0.14964842222715377,-0.0478959646563238,-0.0478959646563238,-0.0478959646563238,-0.10175245757082996,-0.10175245757082996,-0.10175245757082996,0.0,0.0,0.0,0.44000377742804353
2025-12-15,0.5893851133700745,-0.5718066136554835,1.5228515515237173,0.5893851133700745,0.5893851133700745,-0.05085464046510613,-0.05085464046510613,-0.05085464046510613,0.04110505439428425,0.04110505439428425,0.04110505439428425,-0.09195969485939039,-0.09195969485939039,-0.09195969485939039,0.0,0.0,0.0,0.5385304729049684
2025-12-16,0.5891180270849516,-0.6838044334228783,1.413253612618045,0.5891180270849516,0.5891180270849516,-0.23066831617599698,-0.23066831617599698,-0.23066831617599698,-0.14880231483537026,-0.14880231483537026,-0.14880231483537026,-0.08186600134062666,-0.08186600134062666,-0.08186600134062666,0.0,0.0,0.0,0.35844971090895467
2025-12-17,0.5888509407998288,-0.4913291260536782,1.6649129003546699,0.5888509407998288,0.5888509407998288,0.007993985100930457,0.007993985100930457,0.007993985100930457,0.07981640378359658,0.07981640378359658,0.07981640378359658,-0.07182241868266612,-0.07182241868266612,-0.07182241868266612,0.0,0.0,0.0,0.5968449259007592
2025-12-18,0.588583854514706,-0.5582853006581556,1.5924125191490013,0.588583854514706,0.588583854514706,-0.043552670427377406,-0.043552670427377406,-0.043552670427377406,0.018617575499833727,0.018617575499833727,0.018617575499833727,-0.06217024592721113,-0.06217024592721113,-0.06217024592721113,0.0,0.0,0.0,0.5450311840873285
2025-12-19,0.5883167682295831,-0.47626475210488006,1.573439717342516,0.5883167682295831,0.5883167682295831,-0.034373887152954065,-0.034373887152954065,-0.034373887152954065,0.018857691166331653,0.018857691166331653,0.018857691166331653,-0.05323157831928571,-0.05323157831928571,-0.05323157831928571,0.0,0.0,0.0,0.553942881076629
2025-12-20,0.5880496819444603,-0.4908165130640737,1.6531579987561913,0.5880496819444603,0.5880496819444603,-0.006998967399903877,-0.006998967399903877,-0.006998967399903877,0.03830155464723674,0.03830155464723674,0.03830155464723674,-0.045300522047140614,-0.045300522047140614,-0.045300522047140614,0.0,0.0,0.0,0.5810507145445564
2025-12-21,0.5877825956593374,-0.5856931298089096,1.497267154614485,0.5877825956593374,0.5877825956593374,-0.08653129196031568,-0.08653129196031568,-0.08653129196031568,-0.047895964656347045,-0.047895964656347045,-0.047895964656347045,-0.03863532730396864,-0.03863532730396864,-0.03863532730396864,0.0,0.0,0.0,0.5012513036990217
2025-12-22,0.5875155093742146,-0.49140004677683036,1.7158739958967646,0.5875155093742146,0.5875155093742146,0.007653400255224112,0.007653400255224112,0.007653400255224112,0.04110505439411035,0.04110505439411035,0.04110505439411035,-0.03345165413888623,-0.03345165413888623,-0.03345165413888623,0.0,0.0,0.0,0.5951689096294387
2025-12-23,0.5872484230890918,-0.62636588689213,1.4149860097187579,0.5872484230890918,0.5872484230890918,-0.1787194665009341,-0.1787194665009341,-0.1787194665009341,-0.14880231483543177,-0.14880231483543177,-0.14880231483543177,-0.02991715166550231,-0.02991715166550231,-0.02991715166550231,0.0,0.0,0.0,0.4085289565881577
2025-12-24,0.5869813368039689,-0.42670244835807375,1.7467004335249976,0.5869813368039689,0.5869813368039689,0.051668911448323224,0.051668911448323224,0.051668911448323224,0.07981640378321982,0.07981640378321982,0.07981640378321982,-0.0281474923348966,-0.0281474923348966,-0.0281474923348966,0.0,0.0,0.0,0.6386502482522921
2025-12-25,0.586714250518846,-0.4986800215781599,1.5864160472192577,0.586714250518846,0.586714250518846,-0.009586384767998604,-0.009586384767998604,-0.009586384767998604,0.018617575499947872,0.018617575499947872,0.018617575499947872,-0.028203960267946474,-0.028203960267946474,-0.028203960267946474,0.0,0.0,0.0,0.5771278657508474
2025-12-26,0.5864471642337232,-0.5020625984003861,1.58393143096482,0.5864471642337232,0.5864471642337232,-0.011234956143534994,-0.011234956143534994,-0.011234956143534994,0.01885769116634116,0.01885769116634116,0.01885769116634116,-0.030092647309876153,-0.030092647309876153,-0.030092647309876153,0.0,0.0,0.0,0.5752122080901882
2025-12-27,0.5861800779486003,-0.48896581997495375,1.6663608543191877,0.5861800779486003,0.5861800779486003,0.004536290831358043,0.004536290831358043,0.004536290831358043,0.03830155464737903,0.03830155464737903,0.03830155464737903,-0.033765263816020984,-0.033765263816020984,-0.033765263816020984,0.0,0.0,0.0,0.5907163687799584
2025-12-28,0.5859129916634774,-0.512830588651987,1.6255600152006742,0.5859129916634774,0.5859129916634774,-0.08701748919092284,-0.08701748919092284,-0.08701748919092284,-0.04789596465605382,-0.04789596465605382,-0.04789596465605382,-0.039121524534869015,-0.039121524534869015,-0.039121524534869015,0.0,0.0,0.0,0.4988955024725546
2025-12-29,0.5856459053783546,-0.4888890546597569,1.7101838821223785,0.5856459053783546,0.5856459053783546,-0.004907970262380268,-0.004907970262380268,-0.004907970262380268,0.041105054394095404,0.041105054394095404,0.041105054394095404,-0.046013024656475665,-0.046013024656475665,-0.046013024656475665,0.0,0.0,0.0,0.5807379351159743
2025-12-30,0.5853788190932318,-0.6775587523765425,1.387154237774755,0.5853788190932318,0.5853788190932318,-0.2030507932646591,-0.2030507932646591,-0.2030507932646591,-0.14880231483538073,-0.14880231483538073,-0.14880231483538073,-0.054248478429278366,-0.054248478429278366,-0.054248478429278366,0.0,0.0,0.0,0.3823280258285726
2025-12-31,0.5851117328081089,-0.4265851422548784,1.6502936220586597,0.5851117328081089,0.5851117328081089,0.016216249848215465,0.016216249848215465,0.016216249848215465,0.07981640378356679,0.07981640378356679,0.07981640378356679,-0.06360015393535133,-0.06360015393535133,-0.06360015393535133,0.0,0.0,0.0,0.6013279826563244
2026-01-01,0.5848446465229861,-0.5570358214476856,1.6187201188661595,0.5848446465229861,0.5848446465229861,-0.05519372824992413,-0.05519372824992413,-0.05519372824992413,0.01861757550010973,0.01861757550010973,0.01861757550010973,-0.07381130375003386,-0.07381130375003386,-0.07381130375003386,0.0,0.0,0.0,0.529650918273062
2026-01-02,0.5845775602378632,-0.5570686591433434,1.6517787464053921,0.5845775602378632,0.5845775602378632,-0.0657466720966943,-0.0657466720966943,-0.0657466720966943,0.018857691166169317,0.018857691166169317,0.018857691166169317,-0.08460436326286362,-0.08460436326286362,-0.08460436326286362,0.0,0.0,0.0,0.518830888141169
2026-01-03,0.5843104739527404,-0.6020414190082894,1.6656277584382722,0.5843104739527404,0.5843104739527404,-0.05738811254548269,-0.05738811254548269,-0.05738811254548269,0.03830155464696122,0.03830155464696122,0.03830155464696122,-0.09568966719244391,-0.09568966719244391,-0.09568966719244391,0.0,0.0,0.0,0.5269223614072577
2026-01-04,0.5840433876676175,-0.6386771888894524,1.5388411073672656,0.5840433876676175,0.5840433876676175,-0.1546703855364031,-0.1546703855364031,-0.1546703855364031,-0.04789596465655872,-0.04789596465655872,-0.04789596465655872,-0.10677442087984437,-0.10677442087984437,-0.10677442087984437,0.0,0.0,0.0,0.42937300213121443
2026-01-05,0.5837763013824947,-0.4996338306642514,1.5488525923573009,0.5837763013824947,0.5837763013824947,-0.07646660230078568,-0.07646660230078568,-0.07646660230078568,0.04110505439468003,0.04110505439468003,0.04110505439468003,-0.11757165669546572,-0.11757165669546572,-0.11757165669546572,0.0,0.0,0.0,0.507309699081709
2026-01-06,0.5835092150973719,-0.7545234306581736,1.356539277789114,0.5835092149722441,0.5835092150973719,-0.2766112223351216,-0.2766112223351216,-0.2766112223351216,-0.1488023148354698,-0.1488023148354698,-0.1488023148354698,-0.1278089074996518,-0.1278089074996518,-0.1278089074996518,0.0,0.0,0.0,0.30689799276225027
2026-01-07,0.583242128812249,-0.5074406561704807,1.5572621358960446,0.5832421280376372,0.583242128812249,-0.05741993472385579,-0.05741993472385579,-0.05741993472385579,0.07981640378355191,0.07981640378355191,0.07981640378355191,-0.13723633850740768,-0.13723633850740768,-0.13723633850740768,0.0,0.0,0.0,0.5258221940883933
2026-01-08,0.5829750425271262,-0.5346231608312478,1.56582047127137,0.5829750410262421,0.5829750427884143,-0.12701652034401714,-0.12701652034401714,-0.12701652034401714,0.01861757549968441,0.01861757549968441,0.01861757549968441,-0.14563409584370154,-0.14563409584370154,-0.14563409584370154,0.0,0.0,0.0,0.45595852218310906
2026-01-09,0.5827079562420033,-0.5400693890327981,1.525289107469822,0.5827079539285993,0.58270795690226,-0.13396096287466966,-0.13396096287466966,-0.13396096287466966,0.018857691166607692,0.018857691166607692,0.018857691166607692,-0.15281865404127734,-0.15281865404127734,-0.15281865404127734,0.0,0.0,0.0,0.4487469933673337
2026-01-10,0.5824408699568804,-0.6191505116476671,1.4467799564225703,0.5824408666974356,0.5824408712499761,-0.12034642038325277,-0.12034642038325277,-0.12034642038325277,0.038301554647103504,0.038301554647103504,0.038301554647103504,-0.15864797503035627,-0.15864797503035627,-0.15864797503035627,0.0,0.0,0.0,0.4620944495736276
2026-01-11,0.5821737836717575,-0.6657179818047653,1.4543429207382363,0.5821737794759863,0.5821737852057104,-0.21092129157982353,-0.21092129157982353,-0.21092129157982353,-0.0478959646562655,-0.0478959646562655,-0.0478959646562655,-0.16302532692355806,-0.16302532692355806,-0.16302532692355806,0.0,0.0,0.0,0.371252492091934
2026-01-12,0.5819066973866347,-0.6229564969134311,1.5806053781715004,0.5819066920509541,0.5819066998430122,-0.12479659668159454,-0.12479659668159454,-0.12479659668159454,0.041105054394506096,0.041105054394506096,0.041105054394506096,-0.16590165107610064,-0.16590165107610064,-0.16590165107610064,0.0,0.0,0.0,0.45711010070504016
2026-01-13,0.5816396111015119,-0.865234585004853,1.3330998001791845,0.5816396047386916,0.5816396142866297,-0.3160787241701341,-0.3160787241701341,-0.3160787241701341,-0.1488023148354187,-0.1488023148354187,-0.1488023148354187,-0.1672764093347154,-0.1672764093347154,-0.1672764093347154,0.0,0.0,0.0,0.26556088693137775
2026-01-14,0.581372524816389,-0.5455633570953907,1.5711086246416484,0.5813725171899835,0.5813725291548032,-0.08738048504443631,-0.08738048504443631,-0.08738048504443631,0.07981640378389887,0.07981640378389887,0.07981640378389887,-0.16719688882833517,-0.16719688882833517,-0.16719688882833517,0.0,0.0,0.0,0.4939920397719527
2026-01-15,0.5811054385312662,-0.6300585065764817,1.5058097142129063,0.5811054296373798,0.5811054439021119,-0.14713841228155522,-0.14713841228155522,-0.14713841228155522,0.018617575500338,0.018617575500338,0.018617575500338,-0.1657559877818932,-0.1657559877818932,-0.1657559877818932,0.0,0.0,0.0,0.43396702624971095
2026-01-16,0.5808383522461433,-0.6289976770059422,1.5549038599520277,0.5808383420299854,0.5808383583959393,-0.1442308601518263,-0.1442308601518263,-0.1442308601518263,0.018857691165825655,0.018857691165825655,0.018857691165825655,-0.16308855131765193,-0.16308855131765193,-0.16308855131765193,0.0,0.0,0.0,0.43660749209431704
2026-01-17,0.5805712659610205,-0.5412950104600056,1.5096906975507687,0.5805712543282264,0.5805712730799774,-0.1210648150812666,-0.1210648150812666,-0.1210648150812666,0.03830155464716436,0.03830155464716436,0.03830155464716436,-0.15936636972843093,-0.15936636972843093,-0.15936636972843093,0.0,0.0,0.0,0.4595064508797539
2026-01-18,0.5803041796758976,-0.6555630321638684,1.5034414747156926,0.5803041664907668,0.5803041876832465,-0.20268795665652553,-0.20268795665652553,-0.20268795665652553,-0.04789596465637134,-0.04789596465637134,-0.04789596465637134,-0.1547919920001542,-0.1547919920001542,-0.1547919920001542,0.0,0.0,0.0,0.37761622301937214
2026-01-19,0.5800370933907748,-0.5936057817456727,1.5519095411536628,0.5800370790602717,0.580037102896056,-0.10848648885989508,-0.10848648885989508,-0.10848648885989508,0.04110505439433219,0.04110505439433219,0.04110505439433219,-0.14959154325422724,-0.14959154325422724,-0.14959154325422724,0.0,0.0,0.0,0.4715506045308797
2026-01-20,0.579770007105652,-0.7876441763350823,1.3793045196528015,0.5797699918841326,0.5797700175739482,-0.29280908006361067,-0.29280908006361067,-0.29280908006361067,-0.14880231483548023,-0.14880231483548023,-0.14880231483548023,-0.14400676522813038,-0.14400676522813038,-0.14400676522813038,0.0,0.0,0.0,0.2869609270420413
2026-01-21,0.5795029208205291,-0.44998994535641845,1.6418361765575955,0.5795029043489163,0.5795029325388652,-0.05847011922973654,-0.05847011922973654,-0.05847011922973654,0.079816403783884,0.079816403783884,0.079816403783884,-0.13828652301362054,-0.13828652301362054,-0.13828652301362054,0.0,0.0,0.0,0.5210328015907926
2026-01-22,0.5792358345354063,-0.5323698783106559,1.5579302306887144,0.5792358163994927,0.579235847467337,-0.11406046282563607,-0.11406046282563607,-0.11406046282563607,0.018617575499960404,0.018617575499960404,0.018617575499960404,-0.1326780383255965,-0.1326780383255965,-0.1326780383255965,0.0,0.0,0.0,0.4651753717097702
2026-01-23,0.5789687482502834,-0.5513290662886157,1.554832998938341,0.5789687290079532,0.5789687625305256,-0.10856042788333892,-0.10856042788333892,-0.10856042788333892,0.018857691166264033,0.018857691166264033,0.018857691166264033,-0.12741811904960293,-0.12741811904960293,-0.12741811904960293,0.0,0.0,0.0,0.4704083203669445
2026-01-24,0.5787016619651605,-0.5823705094350942,1.5418056662294384,0.5787016413269884,0.5787016777294919,-0.08442310178494879,-0.08442310178494879,-0.08442310178494879,0.03830155464730664,0.03830155464730664,0.03830155464730664,-0.12272465643225541,-0.12272465643225541,-0.12272465643225541,0.0,0.0,0.0,0.4942785601802117
2026-01-25,0.5784345756800378,-0.6488532593311143,1.5015550559099848,0.5784345531090621,0.5784345931319813,-0.1666846196060122,-0.1666846196060122,-0.1666846196060122,-0.04789596465607811,-0.04789596465607811,-0.04789596465607811,-0.11878865494993407,-0.11878865494993407,-0.11878865494993407,0.0,0.0,0.0,0.41174995607402554
2026-01-26,0.5781674893949148,-0.6243464729892675,1.6117662600110971,0.5781674646652025,0.5781675083067922,-0.07466199138160129,-0.07466199138160129,-0.07466199138160129,0.04110505439431724,0.04110505439431724,0.04110505439431724,-0.11576704577591854,-0.11576704577591854,-0.11576704577591854,0.0,0.0,0.0,0.5035054980133136
2026-01-27,0.577900403109792,-0.8271412797611013,1.4006695702325795,0.5779003765363993,0.5779004234052163,-0.26257882807896543,-0.26257882807896543,-0.26257882807896543,-0.14880231483531656,-0.14880231483531656,-0.14880231483531656,-0.11377651324364886,-0.11377651324364886,-0.11377651324364886,0.0,0.0,0.0,0.31532157503082653
2026-01-28,0.577633316824669,-0.5322565395764784,1.5880226301499265,0.5776332885399322,0.5776333386884197,-0.033072131571033156,-0.033072131571033156,-0.033072131571033156,0.07981640378349741,0.07981640378349741,0.07981640378349741,-0.11288853535453058,-0.11288853535453058,-0.11288853535453058,0.0,0.0,0.0,0.5445611852536358
2026-01-29,0.5773662305395463,-0.6125280851237489,1.4950629681626597,0.5773662005845719,0.5773662533353908,-0.09450822949746021,-0.09450822949746021,-0.09450822949746021,0.018617575500614013,0.018617575500614013,0.018617575500614013,-0.11312580499807422,-0.11312580499807422,-0.11312580499807422,0.0,0.0,0.0,0.4828580010420861
2026-01-30,0.5770991442544233,-0.52624103763991,1.4874939839399026,0.5770991127135423,0.5770991683265697,-0.09560246792795062,-0.09560246792795062,-0.09560246792795062,0.018857691166702405,0.018857691166702405,0.018857691166702405,-0.11446015909465301,-0.11446015909465301,-0.11446015909465301,0.0,0.0,0.0,0.4814966763264727
